<?xml version="1.0" encoding="UTF-8"?>
<feature id="org.eclipse.jdt.source" version="3.7.2.v20120120-1414-7z8gFcuFMP7BW5XTz0jLTnz0l9B1" label="%featureName"   provider-name="%providerName" image="eclipse_update_120.jpg"    >
	<description >
		%description
	</description>
	<copyright >
		%copyright
	</copyright>
	<license url="%licenseURL">
      %license
  	</license>
	<url>
		<update url="http://download.eclipse.org/eclipse/updates/3.5" label="%updateSiteName"/>
		<discovery url="http://download.eclipse.org/eclipse/updates/3.5" label="%updateSiteName"/>
	</url>
	<plugin id="org.eclipse.jdt.doc.isv" version="3.7.2.v20120120-1417"     unpack="false"/>
	<plugin id="org.junit.source" version="3.8.2.v3_8_2_v20100427-1100"     unpack="false"/>
	<plugin id="org.junit.source" version="4.8.2.v4_8_2_v20110321-1705"     unpack="false"/>
	<plugin id="org.hamcrest.core.source" version="1.1.0.v20090501071000"     unpack="false"/>
	<plugin id="org.eclipse.jdt.source" version="3.7.2.v201202080800"     unpack="false"/>
	<plugin id="org.eclipse.ant.ui.source" version="3.5.101.v20120110-1739"     unpack="false"/>
	<plugin id="org.eclipse.jdt.apt.core.source" version="3.3.500.v20110420-1015"     unpack="false"/>
	<plugin id="org.eclipse.jdt.apt.ui.source" version="3.3.300.v20110305-1450"     unpack="false"/>
	<plugin id="org.eclipse.jdt.apt.pluggable.core.source" version="1.0.400.v20110305-1450"     unpack="false"/>
	<plugin id="org.eclipse.jdt.compiler.apt.source" version="1.0.400.v0110816-0800"     unpack="false"/>
	<plugin id="org.eclipse.jdt.compiler.tool.source" version="1.0.100.v_B79_R37x"     unpack="false"/>
	<plugin id="org.eclipse.jdt.core.source" version="3.7.3.v20120119-1537"     unpack="false"/>
	<plugin id="org.eclipse.jdt.core.manipulation.source" version="1.4.0.v20110928-1453"     unpack="false"/>
	<plugin id="org.eclipse.jdt.debug.ui.source" version="3.6.1.v20111006_r372"     unpack="false"/>
	<plugin id="org.eclipse.jdt.debug.source" version="3.7.1.v20111006_r372"     unpack="false"/>
	<plugin id="org.eclipse.jdt.junit.source" version="3.7.0.v20110928-1453"     unpack="false"/>
	<plugin id="org.eclipse.jdt.junit.core.source" version="3.7.0.v20110928-1453"     unpack="false"/>
	<plugin id="org.eclipse.jdt.junit.runtime.source" version="3.4.300.v20110928-1453"     unpack="false"/>
	<plugin id="org.eclipse.jdt.junit4.runtime.source" version="1.1.200.v20110928-1453"     unpack="false"/>
	<plugin id="org.eclipse.jdt.launching.source" version="3.6.1.v20111006_r372"     unpack="false"/>
	<plugin id="org.eclipse.jdt.ui.source" version="3.7.2.v20120109-1427"     unpack="false"/>
	<plugin id="org.eclipse.jdt.launching.macosx.source" version="3.2.100.v20111006_r372" os="macosx"    unpack="false"/>
	<plugin id="org.eclipse.jdt.launching.ui.macosx.source" version="1.0.100.v20111006_r372" os="macosx"    unpack="false"/>
	<plugin id="org.eclipse.ant.launching.source" version="1.0.101.v20120110-1739"     unpack="false"/>
</feature>
