<?xml version="1.0" encoding="UTF-8"?>
<feature
      id="org.eclipse.jdt"
      label="%featureName"
      version="3.7.2.v20120120-1414-7z8gFcuFMP7BW5XTz0jLTnz0l9B1"
      provider-name="%providerName"
      image="eclipse_update_120.jpg"
      
      >

   <description>
      %description
   </description>

   <copyright>
      %copyright
   </copyright>

   <license url="%licenseURL">
      %license
   </license>

   <url>
      <update label="%updateSiteName" url="http://download.eclipse.org/eclipse/updates/3.5"/>
      <discovery label="%updateSiteName" url="http://download.eclipse.org/eclipse/updates/3.5"/>
   </url>

   <requires>
      <import feature="org.eclipse.platform" version="3.7.2" match="greaterOrEqual"/>
   </requires>

   <plugin
         id="org.eclipse.jdt"
         download-size="0"
         install-size="0"
         version="3.7.2.v201202080800"
         unpack="false"/>

   <plugin
         id="org.eclipse.ant.ui"
         download-size="0"
         install-size="0"
         version="3.5.101.v20120110-1739"
         unpack="false"/>

   <plugin
         id="org.eclipse.jdt.apt.core"
         download-size="0"
         install-size="0"
         version="3.3.500.v20110420-1015"
         unpack="false"/>

   <plugin
         id="org.eclipse.jdt.apt.ui"
         download-size="0"
         install-size="0"
         version="3.3.300.v20110305-1450"
         unpack="false"/>

   <plugin
         id="org.eclipse.jdt.apt.pluggable.core"
         download-size="0"
         install-size="0"
         version="1.0.400.v20110305-1450"
         unpack="false"/>

   <plugin
         id="org.eclipse.jdt.compiler.apt"
         download-size="0"
         install-size="0"
         version="1.0.400.v0110816-0800"
         fragment="true"
         unpack="false"/>

   <plugin
         id="org.eclipse.jdt.compiler.tool"
         download-size="0"
         install-size="0"
         version="1.0.100.v_B79_R37x"
         fragment="true"
         unpack="false"/>

   <plugin
         id="org.eclipse.jdt.core"
         download-size="0"
         install-size="0"
         version="3.7.3.v20120119-1537"
         unpack="false"/>

   <plugin
         id="org.eclipse.jdt.core.manipulation"
         download-size="0"
         install-size="0"
         version="1.4.0.v20110928-1453"
         unpack="false"/>

   <plugin
         id="org.eclipse.jdt.debug.ui"
         download-size="0"
         install-size="0"
         version="3.6.1.v20111006_r372"
         unpack="false"/>

   <plugin
         id="org.eclipse.jdt.debug"
         download-size="0"
         install-size="0"
         version="3.7.1.v20111006_r372"/>

   <plugin
         id="org.eclipse.jdt.junit"
         download-size="0"
         install-size="0"
         version="3.7.0.v20110928-1453"
         unpack="false"/>

   <plugin
         id="org.eclipse.jdt.junit.core"
         download-size="0"
         install-size="0"
         version="3.7.0.v20110928-1453"
         unpack="false"/>

   <plugin
         id="org.eclipse.jdt.junit.runtime"
         download-size="0"
         install-size="0"
         version="3.4.300.v20110928-1453"
         unpack="false"/>

   <plugin
         id="org.eclipse.jdt.junit4.runtime"
         download-size="0"
         install-size="0"
         version="1.1.200.v20110928-1453"
         unpack="false"/>

   <plugin
         id="org.eclipse.jdt.launching"
         download-size="0"
         install-size="0"
         version="3.6.1.v20111006_r372"
         unpack="false"/>

   <plugin
         id="org.eclipse.jdt.ui"
         download-size="0"
         install-size="0"
         version="3.7.2.v20120109-1427"
         unpack="false"/>

   <plugin
         id="org.junit"
         download-size="0"
         install-size="0"
         version="4.8.2.v4_8_2_v20110321-1705"/>

   <plugin
         id="org.junit"
         download-size="0"
         install-size="0"
         version="3.8.2.v3_8_2_v20100427-1100"/>

   <plugin
         id="org.junit4"
         download-size="0"
         install-size="0"
         version="4.8.1.v20100525"/>

   <plugin
         id="org.hamcrest.core"
         download-size="0"
         install-size="0"
         version="1.1.0.v20090501071000"
         unpack="false"/>

   <plugin
         id="org.eclipse.jdt.doc.user"
         download-size="0"
         install-size="0"
         version="3.7.1.r372_v20111103"
         unpack="false"/>

   <plugin
         id="org.eclipse.jdt.launching.macosx"
         os="macosx"
         download-size="0"
         install-size="0"
         version="3.2.100.v20111006_r372"
         unpack="false"/>

   <plugin
         id="org.eclipse.jdt.launching.ui.macosx"
         os="macosx"
         download-size="0"
         install-size="0"
         version="1.0.100.v20111006_r372"
         unpack="false"/>

   <plugin
         id="org.eclipse.ant.launching"
         download-size="0"
         install-size="0"
         version="1.0.101.v20120110-1739"
         unpack="false"/>

</feature>
