<?xml version="1.0" encoding="UTF-8"?>
<feature id="org.eclipse.pde.source" version="3.7.2.v20120120-1420-7b7rFUOFEx2Xnqafnpz0E--0" label="%featureName"   provider-name="%providerName" image="eclipse_update_120.jpg"    >
	<description >
		%description
	</description>
	<copyright >
		%copyright
	</copyright>
	<license url="%licenseURL">
      %license
  	</license>
	<url>
		<update url="http://download.eclipse.org/eclipse/updates/3.6" label="%updateSiteName"/>
		<discovery url="http://download.eclipse.org/eclipse/updates/3.6" label="%updateSiteName"/>
		<discovery url="http://download.eclipse.org/releases/helios" label="%secondaryUpdateSiteName"/>
	</url>
	<plugin id="org.objectweb.asm.source" version="3.3.1.v201105211655"     unpack="false"/>
	<plugin id="org.eclipse.pde.source" version="3.7.2.v201202080800"     unpack="false"/>
	<plugin id="org.eclipse.pde.build.source" version="3.7.0.v20111116-2009"     unpack="false"/>
	<plugin id="org.eclipse.pde.core.source" version="3.7.1.v20120103_r372"     unpack="false"/>
	<plugin id="org.eclipse.pde.junit.runtime.source" version="3.4.100.v20110928-1516"     unpack="false"/>
	<plugin id="org.eclipse.pde.runtime.source" version="3.4.201.v20110928-1516"     unpack="false"/>
	<plugin id="org.eclipse.pde.ui.source" version="3.6.100.v20120103_r372"     unpack="false"/>
	<plugin id="org.eclipse.pde.ui.templates.source" version="3.4.400.v20110928-1516"     unpack="false"/>
	<plugin id="org.eclipse.ui.views.log.source" version="1.0.200.v20110404"     unpack="false"/>
	<plugin id="org.eclipse.pde.api.tools.source" version="1.0.301.v20111129-2053"     unpack="false"/>
	<plugin id="org.eclipse.pde.api.tools.ui.source" version="1.0.301.v20110803_r371"     unpack="false"/>
	<plugin id="org.eclipse.pde.ds.core.source" version="1.0.100.v20100601"     unpack="false"/>
	<plugin id="org.eclipse.pde.ds.ui.source" version="1.0.100.v20111213-1754"     unpack="false"/>
	<plugin id="org.eclipse.pde.launching.source" version="3.6.0.v20110506"     unpack="false"/>
	<plugin id="org.eclipse.pde.ua.core.source" version="1.0.100.v20110516"     unpack="false"/>
	<plugin id="org.eclipse.pde.ua.ui.source" version="1.0.100.v20110516"     unpack="false"/>
</feature>
