<?xml version='1.0' encoding='UTF-8'?>
<?artifactRepository version='1.1.0'?>
<repository name='Bundle pool' type='org.eclipse.equinox.p2.artifact.repository.simpleRepository' version='1'>
  <properties size='2'>
    <property name='p2.system' value='true'/>
    <property name='p2.timestamp' value='1328723131160'/>
  </properties>
  <mappings size='3'>
    <rule filter='(&amp; (classifier=osgi.bundle))' output='${repoUrl}/plugins/${id}_${version}.jar'/>
    <rule filter='(&amp; (classifier=binary))' output='${repoUrl}/binary/${id}_${version}'/>
    <rule filter='(&amp; (classifier=org.eclipse.update.feature))' output='${repoUrl}/features/${id}_${version}.jar'/>
  </mappings>
  <artifacts size='404'>
    <artifact classifier='osgi.bundle' id='org.eclipse.ui.win32.source' version='3.2.200.v20110928-1505'>
      <properties size='1'>
        <property name='download.size' value='14305'/>
      </properties>
    </artifact>
    <artifact classifier='osgi.bundle' id='org.eclipse.cvs.source' version='1.1.100.v201202080800'>
      <properties size='1'>
        <property name='download.size' value='12425'/>
      </properties>
    </artifact>
    <artifact classifier='osgi.bundle' id='org.eclipse.ecf.provider.filetransfer.ssl' version='1.0.0.v20110531-2218'>
      <properties size='1'>
        <property name='download.size' value='8460'/>
      </properties>
    </artifact>
    <artifact classifier='osgi.bundle' id='org.eclipse.equinox.p2.ql.source' version='2.0.100.v20110815-1419'>
      <properties size='1'>
        <property name='download.size' value='8498'/>
      </properties>
    </artifact>
    <artifact classifier='osgi.bundle' id='org.eclipse.core.jobs' version='3.5.101.v20120113-1953'>
      <properties size='1'>
        <property name='download.size' value='91069'/>
      </properties>
    </artifact>
    <artifact classifier='osgi.bundle' id='org.eclipse.help.base.source' version='3.6.2.v201202080800'>
      <properties size='1'>
        <property name='download.size' value='302938'/>
      </properties>
    </artifact>
    <artifact classifier='osgi.bundle' id='org.objectweb.asm.source' version='3.3.1.v201105211655'>
      <properties size='1'>
        <property name='download.size' value='632230'/>
      </properties>
    </artifact>
    <artifact classifier='osgi.bundle' id='org.eclipse.equinox.p2.directorywatcher.source' version='1.0.300.v20110815-1419'>
      <properties size='1'>
        <property name='download.size' value='20674'/>
      </properties>
    </artifact>
    <artifact classifier='osgi.bundle' id='org.eclipse.equinox.http.registry' version='1.1.100.v20110502'>
      <properties size='1'>
        <property name='download.size' value='43999'/>
      </properties>
    </artifact>
    <artifact classifier='osgi.bundle' id='org.eclipse.ui.workbench.compatibility.source' version='3.2.100.I20110413-1600'>
      <properties size='1'>
        <property name='download.size' value='10837'/>
      </properties>
    </artifact>
    <artifact classifier='osgi.bundle' id='org.eclipse.ant.core' version='3.2.302.v20120110-1739'>
      <properties size='1'>
        <property name='download.size' value='97869'/>
      </properties>
    </artifact>
    <artifact classifier='osgi.bundle' id='org.junit' version='3.8.2.v3_8_2_v20100427-1100'>
      <properties size='1'>
        <property name='download.size' value='119475'/>
      </properties>
      <repositoryProperties size='1'>
        <property name='artifact.folder' value='true'/>
      </repositoryProperties>
    </artifact>
    <artifact classifier='osgi.bundle' id='org.eclipse.equinox.p2.engine.source' version='2.1.1.R37x_v20111003'>
      <properties size='1'>
        <property name='download.size' value='120473'/>
      </properties>
    </artifact>
    <artifact classifier='osgi.bundle' id='org.eclipse.jdt.ui' version='3.7.2.v20120109-1427'>
      <properties size='1'>
        <property name='download.size' value='10212674'/>
      </properties>
    </artifact>
    <artifact classifier='osgi.bundle' id='org.eclipse.core.filebuffers' version='3.5.200.v20110928-1504'>
      <properties size='1'>
        <property name='download.size' value='113471'/>
      </properties>
    </artifact>
    <artifact classifier='osgi.bundle' id='javax.servlet.source' version='2.5.0.v201103041518'>
      <properties size='1'>
        <property name='download.size' value='159505'/>
      </properties>
    </artifact>
    <artifact classifier='osgi.bundle' id='org.eclipse.ecf.identity' version='3.1.100.v20110531-2218'>
      <properties size='1'>
        <property name='download.size' value='51439'/>
      </properties>
    </artifact>
    <artifact classifier='osgi.bundle' id='org.apache.commons.logging.source' version='1.0.4.v201101211617'>
      <properties size='1'>
        <property name='download.size' value='53908'/>
      </properties>
    </artifact>
    <artifact classifier='osgi.bundle' id='org.eclipse.ui.intro.universal' version='3.2.500.v20110510'>
      <properties size='1'>
        <property name='download.size' value='1634972'/>
      </properties>
      <repositoryProperties size='1'>
        <property name='artifact.folder' value='true'/>
      </repositoryProperties>
    </artifact>
    <artifact classifier='osgi.bundle' id='org.eclipse.update.scheduler.source' version='3.2.300.v20100512'>
      <properties size='1'>
        <property name='download.size' value='18943'/>
      </properties>
    </artifact>
    <artifact classifier='osgi.bundle' id='org.eclipse.ui.views.source' version='3.6.0.v20110928-1505'>
      <properties size='1'>
        <property name='download.size' value='76426'/>
      </properties>
    </artifact>
    <artifact classifier='osgi.bundle' id='org.mortbay.jetty.util' version='6.1.23.v201012071420'>
      <properties size='1'>
        <property name='download.size' value='193298'/>
      </properties>
    </artifact>
    <artifact classifier='osgi.bundle' id='org.eclipse.equinox.p2.updatechecker' version='1.1.200.v20110815-1419'>
      <properties size='1'>
        <property name='download.size' value='16796'/>
      </properties>
    </artifact>
    <artifact classifier='osgi.bundle' id='org.eclipse.jdt.launching' version='3.6.1.v20111006_r372'>
      <properties size='1'>
        <property name='download.size' value='305897'/>
      </properties>
    </artifact>
    <artifact classifier='osgi.bundle' id='org.eclipse.ui.workbench.texteditor' version='3.7.0.v20110928-1504'>
      <properties size='1'>
        <property name='download.size' value='581960'/>
      </properties>
    </artifact>
    <artifact classifier='osgi.bundle' id='org.eclipse.equinox.jsp.jasper' version='1.0.300.v20110502'>
      <properties size='1'>
        <property name='download.size' value='25532'/>
      </properties>
    </artifact>
    <artifact classifier='osgi.bundle' id='com.ibm.icu.source' version='4.4.2.v20110823'>
      <properties size='1'>
        <property name='download.size' value='1754120'/>
      </properties>
    </artifact>
    <artifact classifier='osgi.bundle' id='org.apache.commons.el.source' version='1.0.0.v201101211617'>
      <properties size='1'>
        <property name='download.size' value='153921'/>
      </properties>
    </artifact>
    <artifact classifier='osgi.bundle' id='org.apache.jasper.source' version='5.5.17.v201101211617'>
      <properties size='1'>
        <property name='download.size' value='396713'/>
      </properties>
    </artifact>
    <artifact classifier='osgi.bundle' id='org.eclipse.core.databinding.source' version='1.4.0.I20110111-0800'>
      <properties size='1'>
        <property name='download.size' value='133988'/>
      </properties>
    </artifact>
    <artifact classifier='osgi.bundle' id='org.eclipse.jdt.ui.source' version='3.7.2.v20120109-1427'>
      <properties size='1'>
        <property name='download.size' value='5506243'/>
      </properties>
    </artifact>
    <artifact classifier='osgi.bundle' id='org.eclipse.equinox.common' version='3.6.0.v20110523'>
      <properties size='1'>
        <property name='download.size' value='105624'/>
      </properties>
    </artifact>
    <artifact classifier='osgi.bundle' id='org.eclipse.compare.win32.source' version='1.0.200.I20110510-0800'>
      <properties size='1'>
        <property name='download.size' value='19979'/>
      </properties>
    </artifact>
    <artifact classifier='osgi.bundle' id='org.eclipse.cvs' version='1.1.100.v201202080800'>
      <properties size='1'>
        <property name='download.size' value='14169'/>
      </properties>
    </artifact>
    <artifact classifier='osgi.bundle' id='org.eclipse.jdt.apt.pluggable.core.source' version='1.0.400.v20110305-1450'>
      <properties size='1'>
        <property name='download.size' value='28166'/>
      </properties>
    </artifact>
    <artifact classifier='osgi.bundle' id='org.eclipse.equinox.p2.ui.importexport' version='1.0.1.R37x_v20111103'>
      <properties size='1'>
        <property name='download.size' value='116294'/>
      </properties>
    </artifact>
    <artifact classifier='osgi.bundle' id='org.sat4j.pb' version='2.3.0.v20110329'>
      <properties size='1'>
        <property name='download.size' value='140725'/>
      </properties>
    </artifact>
    <artifact classifier='osgi.bundle' id='org.apache.lucene.analysis.source' version='2.9.1.v201101211721'>
      <properties size='1'>
        <property name='download.size' value='205606'/>
      </properties>
    </artifact>
    <artifact classifier='osgi.bundle' id='org.eclipse.help.webapp' version='3.6.1.r37_20110929'>
      <properties size='1'>
        <property name='download.size' value='586844'/>
      </properties>
    </artifact>
    <artifact classifier='osgi.bundle' id='org.eclipse.jdt.compiler.tool' version='1.0.100.v_B79_R37x'>
      <properties size='1'>
        <property name='download.size' value='57031'/>
      </properties>
    </artifact>
    <artifact classifier='osgi.bundle' id='org.eclipse.ui.console' version='3.5.100.v20111007_r372'>
      <properties size='1'>
        <property name='download.size' value='159986'/>
      </properties>
    </artifact>
    <artifact classifier='osgi.bundle' id='org.apache.lucene.source' version='2.9.1.v201101211721'>
      <properties size='1'>
        <property name='download.size' value='54097'/>
      </properties>
    </artifact>
    <artifact classifier='osgi.bundle' id='org.eclipse.equinox.p2.transport.ecf.source' version='1.0.0.v20111128-0624'>
      <properties size='1'>
        <property name='download.size' value='27465'/>
      </properties>
    </artifact>
    <artifact classifier='osgi.bundle' id='org.eclipse.equinox.p2.director.app' version='1.0.300.v20111126-0153'>
      <properties size='1'>
        <property name='download.size' value='47337'/>
      </properties>
    </artifact>
    <artifact classifier='osgi.bundle' id='org.eclipse.jdt.core.manipulation' version='1.4.0.v20110928-1453'>
      <properties size='1'>
        <property name='download.size' value='86528'/>
      </properties>
    </artifact>
    <artifact classifier='osgi.bundle' id='org.eclipse.ui.views.properties.tabbed.source' version='3.5.200.v20110928-1505'>
      <properties size='1'>
        <property name='download.size' value='74598'/>
      </properties>
    </artifact>
    <artifact classifier='osgi.bundle' id='org.eclipse.team.cvs.ui.source' version='3.3.401.v20120126-1227'>
      <properties size='1'>
        <property name='download.size' value='767876'/>
      </properties>
    </artifact>
    <artifact classifier='osgi.bundle' id='org.eclipse.equinox.p2.artifact.repository.source' version='1.1.101.v20110815-1419'>
      <properties size='1'>
        <property name='download.size' value='88062'/>
      </properties>
    </artifact>
    <artifact classifier='osgi.bundle' id='org.eclipse.equinox.p2.metadata.repository.source' version='1.2.0.v20110815-1419'>
      <properties size='1'>
        <property name='download.size' value='54855'/>
      </properties>
    </artifact>
    <artifact classifier='osgi.bundle' id='org.eclipse.core.net' version='1.2.100.I20110511-0800'>
      <properties size='1'>
        <property name='download.size' value='69180'/>
      </properties>
    </artifact>
    <artifact classifier='osgi.bundle' id='org.mortbay.jetty.server' version='6.1.23.v201012071420'>
      <properties size='1'>
        <property name='download.size' value='557887'/>
      </properties>
    </artifact>
    <artifact classifier='osgi.bundle' id='org.eclipse.equinox.launcher.win32.win32.x86_64' version='1.1.100.v20110502'>
      <properties size='1'>
        <property name='download.size' value='28193'/>
      </properties>
      <repositoryProperties size='1'>
        <property name='artifact.folder' value='true'/>
      </repositoryProperties>
    </artifact>
    <artifact classifier='osgi.bundle' id='org.eclipse.ecf.provider.filetransfer.httpclient.source' version='4.0.0.v20110531-2218'>
      <properties size='1'>
        <property name='download.size' value='47123'/>
      </properties>
    </artifact>
    <artifact classifier='osgi.bundle' id='org.eclipse.ui' version='3.7.0.v20110928-1505'>
      <properties size='1'>
        <property name='download.size' value='153179'/>
      </properties>
    </artifact>
    <artifact classifier='osgi.bundle' id='org.eclipse.equinox.security.source' version='1.1.1.R37x_v20110822-1018'>
      <properties size='1'>
        <property name='download.size' value='93918'/>
      </properties>
    </artifact>
    <artifact classifier='osgi.bundle' id='org.eclipse.ui.ide.source' version='3.7.0.v20110928-1505'>
      <properties size='1'>
        <property name='download.size' value='1336499'/>
      </properties>
    </artifact>
    <artifact classifier='osgi.bundle' id='org.eclipse.ui.views.properties.tabbed' version='3.5.200.v20110928-1505'>
      <properties size='1'>
        <property name='download.size' value='104196'/>
      </properties>
    </artifact>
    <artifact classifier='osgi.bundle' id='org.eclipse.core.net.source' version='1.2.100.I20110511-0800'>
      <properties size='1'>
        <property name='download.size' value='59317'/>
      </properties>
    </artifact>
    <artifact classifier='osgi.bundle' id='org.eclipse.search' version='3.7.0.v20110928-1504'>
      <properties size='1'>
        <property name='download.size' value='468641'/>
      </properties>
    </artifact>
    <artifact classifier='osgi.bundle' id='org.eclipse.equinox.ds' version='1.3.1.R37x_v20110701'>
      <properties size='1'>
        <property name='download.size' value='189350'/>
      </properties>
    </artifact>
    <artifact classifier='org.eclipse.update.feature' id='org.eclipse.equinox.p2.core.feature.source' version='1.0.1.v20110906-1605-8290FZ9FVKHVRKtmx3fpNuo02129'>
      <properties size='1'>
        <property name='download.size' value='17079'/>
      </properties>
      <repositoryProperties size='1'>
        <property name='artifact.folder' value='true'/>
      </repositoryProperties>
    </artifact>
    <artifact classifier='osgi.bundle' id='org.eclipse.osgi.source' version='3.7.2.v20120110-1415'>
      <properties size='1'>
        <property name='download.size' value='1118955'/>
      </properties>
    </artifact>
    <artifact classifier='osgi.bundle' id='org.apache.lucene' version='2.9.1.v201101211721'>
      <properties size='1'>
        <property name='download.size' value='71018'/>
      </properties>
    </artifact>
    <artifact classifier='osgi.bundle' id='org.junit.source' version='4.8.2.v4_8_2_v20110321-1705'>
      <properties size='1'>
        <property name='download.size' value='159687'/>
      </properties>
    </artifact>
    <artifact classifier='osgi.bundle' id='org.eclipse.equinox.p2.repository.tools.source' version='2.0.100.v20110815-1438'>
      <properties size='1'>
        <property name='download.size' value='169345'/>
      </properties>
    </artifact>
    <artifact classifier='osgi.bundle' id='org.eclipse.help.ui.source' version='3.5.101.r37_20110819'>
      <properties size='1'>
        <property name='download.size' value='225447'/>
      </properties>
    </artifact>
    <artifact classifier='osgi.bundle' id='org.eclipse.equinox.p2.updatesite.source' version='1.0.300.v20110815-1419'>
      <properties size='1'>
        <property name='download.size' value='61461'/>
      </properties>
    </artifact>
    <artifact classifier='osgi.bundle' id='org.eclipse.equinox.registry.source' version='3.5.101.R37x_v20110810-1611'>
      <properties size='1'>
        <property name='download.size' value='173245'/>
      </properties>
    </artifact>
    <artifact classifier='osgi.bundle' id='org.eclipse.jdt' version='3.7.2.v201202080800'>
      <properties size='1'>
        <property name='download.size' value='43638'/>
      </properties>
    </artifact>
    <artifact classifier='osgi.bundle' id='org.eclipse.ui.externaltools' version='3.2.0.v20111007_r372'>
      <properties size='1'>
        <property name='download.size' value='135504'/>
      </properties>
    </artifact>
    <artifact classifier='osgi.bundle' id='org.eclipse.platform.doc.user' version='3.7.1.r372_v20111202'>
      <properties size='1'>
        <property name='download.size' value='7137625'/>
      </properties>
    </artifact>
    <artifact classifier='osgi.bundle' id='com.jcraft.jsch' version='0.1.44.v201101211721'>
      <properties size='1'>
        <property name='download.size' value='199127'/>
      </properties>
    </artifact>
    <artifact classifier='osgi.bundle' id='org.eclipse.update.scheduler' version='3.2.300.v20100512'>
      <properties size='1'>
        <property name='download.size' value='31840'/>
      </properties>
    </artifact>
    <artifact classifier='osgi.bundle' id='org.eclipse.update.core.source' version='3.2.500.v20110330'>
      <properties size='1'>
        <property name='download.size' value='534445'/>
      </properties>
    </artifact>
    <artifact classifier='org.eclipse.update.feature' id='org.eclipse.jdt.source' version='3.7.2.v20120120-1414-7z8gFcuFMP7BW5XTz0jLTnz0l9B1'>
      <properties size='1'>
        <property name='download.size' value='29872'/>
      </properties>
      <repositoryProperties size='1'>
        <property name='artifact.folder' value='true'/>
      </repositoryProperties>
    </artifact>
    <artifact classifier='osgi.bundle' id='org.eclipse.equinox.p2.core.source' version='2.1.1.v20120113-1346'>
      <properties size='1'>
        <property name='download.size' value='55840'/>
      </properties>
    </artifact>
    <artifact classifier='osgi.bundle' id='org.eclipse.pde.ds.core.source' version='1.0.100.v20100601'>
      <properties size='1'>
        <property name='download.size' value='48963'/>
      </properties>
    </artifact>
    <artifact classifier='osgi.bundle' id='org.eclipse.equinox.p2.publisher.eclipse.source' version='1.0.0.v20110815-1438'>
      <properties size='1'>
        <property name='download.size' value='138636'/>
      </properties>
    </artifact>
    <artifact classifier='osgi.bundle' id='org.eclipse.help.source' version='3.5.100.v20110426'>
      <properties size='1'>
        <property name='download.size' value='177963'/>
      </properties>
    </artifact>
    <artifact classifier='osgi.bundle' id='org.eclipse.ecf.provider.filetransfer.httpclient.ssl.source' version='1.0.0.v20110531-2218'>
      <properties size='1'>
        <property name='download.size' value='16321'/>
      </properties>
    </artifact>
    <artifact classifier='osgi.bundle' id='org.eclipse.equinox.p2.jarprocessor.source' version='1.0.200.v20110815-1438'>
      <properties size='1'>
        <property name='download.size' value='43682'/>
      </properties>
    </artifact>
    <artifact classifier='osgi.bundle' id='org.eclipse.equinox.preferences' version='3.4.2.v20120111-2020'>
      <properties size='1'>
        <property name='download.size' value='113791'/>
      </properties>
    </artifact>
    <artifact classifier='osgi.bundle' id='org.eclipse.ltk.ui.refactoring' version='3.6.0.v20110928-1453'>
      <properties size='1'>
        <property name='download.size' value='454434'/>
      </properties>
    </artifact>
    <artifact classifier='osgi.bundle' id='org.eclipse.ecf.provider.filetransfer.ssl.source' version='1.0.0.v20110531-2218'>
      <properties size='1'>
        <property name='download.size' value='7634'/>
      </properties>
    </artifact>
    <artifact classifier='osgi.bundle' id='org.eclipse.swt' version='3.7.2.v3740f'>
      <properties size='1'>
        <property name='download.size' value='17332'/>
      </properties>
    </artifact>
    <artifact classifier='osgi.bundle' id='org.apache.jasper' version='5.5.17.v201101211617'>
      <properties size='1'>
        <property name='download.size' value='1722563'/>
      </properties>
    </artifact>
    <artifact classifier='osgi.bundle' id='javax.servlet.jsp' version='2.0.0.v201101211617'>
      <properties size='1'>
        <property name='download.size' value='63887'/>
      </properties>
    </artifact>
    <artifact classifier='osgi.bundle' id='org.eclipse.platform.source' version='3.7.2.v201202080800'>
      <properties size='1'>
        <property name='download.size' value='179295'/>
      </properties>
    </artifact>
    <artifact classifier='osgi.bundle' id='org.eclipse.core.expressions' version='3.4.300.v20110228'>
      <properties size='1'>
        <property name='download.size' value='86992'/>
      </properties>
    </artifact>
    <artifact classifier='osgi.bundle' id='org.eclipse.equinox.p2.ui' version='2.1.1.v20120113-1346'>
      <properties size='1'>
        <property name='download.size' value='514694'/>
      </properties>
    </artifact>
    <artifact classifier='osgi.bundle' id='org.eclipse.equinox.p2.director.app.source' version='1.0.300.v20111126-0153'>
      <properties size='1'>
        <property name='download.size' value='26808'/>
      </properties>
    </artifact>
    <artifact classifier='osgi.bundle' id='org.eclipse.ui.browser' version='3.3.101.v20111019-1723'>
      <properties size='1'>
        <property name='download.size' value='188644'/>
      </properties>
    </artifact>
    <artifact classifier='osgi.bundle' id='org.eclipse.jface.text' version='3.7.2.v20111213-1208'>
      <properties size='1'>
        <property name='download.size' value='981513'/>
      </properties>
    </artifact>
    <artifact classifier='osgi.bundle' id='org.eclipse.equinox.simpleconfigurator' version='1.0.200.v20110815-1438'>
      <properties size='1'>
        <property name='download.size' value='39528'/>
      </properties>
    </artifact>
    <artifact classifier='osgi.bundle' id='org.eclipse.jdt.junit4.runtime.source' version='1.1.200.v20110928-1453'>
      <properties size='1'>
        <property name='download.size' value='14881'/>
      </properties>
    </artifact>
    <artifact classifier='osgi.bundle' id='org.apache.ant' version='1.8.2.v20120109-1030'>
      <properties size='1'>
        <property name='download.size' value='2234025'/>
      </properties>
      <repositoryProperties size='1'>
        <property name='artifact.folder' value='true'/>
      </repositoryProperties>
    </artifact>
    <artifact classifier='osgi.bundle' id='org.eclipse.equinox.p2.metadata.repository' version='1.2.0.v20110815-1419'>
      <properties size='1'>
        <property name='download.size' value='115721'/>
      </properties>
    </artifact>
    <artifact classifier='osgi.bundle' id='org.eclipse.ui.net.source' version='1.2.100.v20111208-1155'>
      <properties size='1'>
        <property name='download.size' value='27206'/>
      </properties>
    </artifact>
    <artifact classifier='osgi.bundle' id='org.eclipse.text' version='3.5.101.v20110928-1504'>
      <properties size='1'>
        <property name='download.size' value='248183'/>
      </properties>
    </artifact>
    <artifact classifier='osgi.bundle' id='org.eclipse.core.databinding.property' version='1.4.0.I20110222-0800'>
      <properties size='1'>
        <property name='download.size' value='167964'/>
      </properties>
    </artifact>
    <artifact classifier='osgi.bundle' id='org.eclipse.ui.intro.universal.source' version='3.2.500.v20110510'>
      <properties size='1'>
        <property name='download.size' value='54758'/>
      </properties>
    </artifact>
    <artifact classifier='osgi.bundle' id='org.mortbay.jetty.server.source' version='6.1.23.v201012071420'>
      <properties size='1'>
        <property name='download.size' value='406424'/>
      </properties>
    </artifact>
    <artifact classifier='osgi.bundle' id='org.eclipse.equinox.p2.metadata.source' version='2.1.0.v20110815-1419'>
      <properties size='1'>
        <property name='download.size' value='234468'/>
      </properties>
    </artifact>
    <artifact classifier='osgi.bundle' id='org.eclipse.core.commands.source' version='3.6.0.I20110111-0800'>
      <properties size='1'>
        <property name='download.size' value='141443'/>
      </properties>
    </artifact>
    <artifact classifier='osgi.bundle' id='org.eclipse.equinox.p2.ui.sdk' version='1.0.200.v20110815-1419'>
      <properties size='1'>
        <property name='download.size' value='41394'/>
      </properties>
    </artifact>
    <artifact classifier='osgi.bundle' id='org.eclipse.core.databinding.observable' version='1.4.0.I20110222-0800'>
      <properties size='1'>
        <property name='download.size' value='296139'/>
      </properties>
    </artifact>
    <artifact classifier='osgi.bundle' id='org.eclipse.equinox.p2.publisher' version='1.2.0.v20110815-1419'>
      <properties size='1'>
        <property name='download.size' value='102064'/>
      </properties>
    </artifact>
    <artifact classifier='osgi.bundle' id='org.eclipse.ui.ide.application' version='1.0.300.I20110306-2000'>
      <properties size='1'>
        <property name='download.size' value='65150'/>
      </properties>
    </artifact>
    <artifact classifier='osgi.bundle' id='org.eclipse.team.cvs.core.source' version='3.3.400.I20110510-0800'>
      <properties size='1'>
        <property name='download.size' value='435571'/>
      </properties>
    </artifact>
    <artifact classifier='osgi.bundle' id='org.eclipse.ecf.provider.filetransfer.httpclient.ssl' version='1.0.0.v20110531-2218'>
      <properties size='1'>
        <property name='download.size' value='16734'/>
      </properties>
    </artifact>
    <artifact classifier='osgi.bundle' id='org.eclipse.equinox.p2.touchpoint.natives.source' version='1.0.300.v20110815-1419'>
      <properties size='1'>
        <property name='download.size' value='43439'/>
      </properties>
    </artifact>
    <artifact classifier='osgi.bundle' id='org.eclipse.equinox.p2.extensionlocation' version='1.2.100.v20110815-1419'>
      <properties size='1'>
        <property name='download.size' value='34574'/>
      </properties>
    </artifact>
    <artifact classifier='osgi.bundle' id='org.junit.source' version='3.8.2.v3_8_2_v20100427-1100'>
      <properties size='1'>
        <property name='download.size' value='74350'/>
      </properties>
    </artifact>
    <artifact classifier='osgi.bundle' id='org.eclipse.pde.ua.core' version='1.0.100.v20110516'>
      <properties size='1'>
        <property name='download.size' value='109596'/>
      </properties>
    </artifact>
    <artifact classifier='osgi.bundle' id='org.eclipse.equinox.p2.core' version='2.1.1.v20120113-1346'>
      <properties size='1'>
        <property name='download.size' value='71555'/>
      </properties>
    </artifact>
    <artifact classifier='osgi.bundle' id='org.eclipse.jdt.compiler.apt' version='1.0.400.v0110816-0800'>
      <properties size='1'>
        <property name='download.size' value='153813'/>
      </properties>
    </artifact>
    <artifact classifier='osgi.bundle' id='org.eclipse.ecf.source' version='3.1.300.v20110531-2218'>
      <properties size='1'>
        <property name='download.size' value='86108'/>
      </properties>
    </artifact>
    <artifact classifier='osgi.bundle' id='org.eclipse.equinox.p2.publisher.source' version='1.2.0.v20110815-1419'>
      <properties size='1'>
        <property name='download.size' value='69733'/>
      </properties>
    </artifact>
    <artifact classifier='org.eclipse.update.feature' id='org.eclipse.equinox.p2.user.ui.source' version='2.1.2.R37x_v20110815-1155-6-Bk8pYWZz0qUTX5I15GZWwbXkrl'>
      <properties size='1'>
        <property name='download.size' value='29759'/>
      </properties>
      <repositoryProperties size='1'>
        <property name='artifact.folder' value='true'/>
      </repositoryProperties>
    </artifact>
    <artifact classifier='osgi.bundle' id='org.eclipse.jdt.doc.isv' version='3.7.2.v20120120-1417'>
      <properties size='1'>
        <property name='download.size' value='6847206'/>
      </properties>
    </artifact>
    <artifact classifier='osgi.bundle' id='org.eclipse.pde.build.source' version='3.7.0.v20111116-2009'>
      <properties size='1'>
        <property name='download.size' value='332607'/>
      </properties>
    </artifact>
    <artifact classifier='org.eclipse.update.feature' id='org.eclipse.equinox.p2.core.feature' version='1.0.1.v20110906-1605-8290FZ9FVKHVRKtmx3fpNuo02129'>
      <properties size='1'>
        <property name='download.size' value='30080'/>
      </properties>
      <repositoryProperties size='1'>
        <property name='artifact.folder' value='true'/>
      </repositoryProperties>
    </artifact>
    <artifact classifier='osgi.bundle' id='org.eclipse.ecf.provider.filetransfer.source' version='3.2.0.v20110531-2218'>
      <properties size='1'>
        <property name='download.size' value='85263'/>
      </properties>
    </artifact>
    <artifact classifier='osgi.bundle' id='org.eclipse.equinox.util' version='1.0.300.v20110502'>
      <properties size='1'>
        <property name='download.size' value='76820'/>
      </properties>
    </artifact>
    <artifact classifier='osgi.bundle' id='org.eclipse.jsch.core.source' version='1.1.300.I20110514-0800'>
      <properties size='1'>
        <property name='download.size' value='31503'/>
      </properties>
    </artifact>
    <artifact classifier='osgi.bundle' id='org.eclipse.osgi.util.source' version='3.2.200.v20110110'>
      <properties size='1'>
        <property name='download.size' value='32553'/>
      </properties>
    </artifact>
    <artifact classifier='osgi.bundle' id='org.eclipse.swt.win32.win32.x86_64' version='3.7.2.v3740f'>
      <properties size='1'>
        <property name='download.size' value='2607389'/>
      </properties>
    </artifact>
    <artifact classifier='osgi.bundle' id='org.eclipse.core.databinding.property.source' version='1.4.0.I20110222-0800'>
      <properties size='1'>
        <property name='download.size' value='84861'/>
      </properties>
    </artifact>
    <artifact classifier='osgi.bundle' id='org.eclipse.jsch.ui' version='1.1.300.R37x_v20111201-1600'>
      <properties size='1'>
        <property name='download.size' value='88911'/>
      </properties>
    </artifact>
    <artifact classifier='osgi.bundle' id='org.eclipse.equinox.p2.artifact.repository' version='1.1.101.v20110815-1419'>
      <properties size='1'>
        <property name='download.size' value='133689'/>
      </properties>
    </artifact>
    <artifact classifier='osgi.bundle' id='org.eclipse.equinox.app.source' version='1.3.100.v20110321'>
      <properties size='1'>
        <property name='download.size' value='73922'/>
      </properties>
    </artifact>
    <artifact classifier='osgi.bundle' id='org.eclipse.equinox.p2.repository' version='2.1.1.v20120113-1346'>
      <properties size='1'>
        <property name='download.size' value='127900'/>
      </properties>
    </artifact>
    <artifact classifier='osgi.bundle' id='org.eclipse.equinox.p2.transport.ecf' version='1.0.0.v20111128-0624'>
      <properties size='1'>
        <property name='download.size' value='38812'/>
      </properties>
    </artifact>
    <artifact classifier='osgi.bundle' id='org.apache.commons.el' version='1.0.0.v201101211617'>
      <properties size='1'>
        <property name='download.size' value='128684'/>
      </properties>
    </artifact>
    <artifact classifier='osgi.bundle' id='org.eclipse.equinox.p2.reconciler.dropins' version='1.1.100.v20110815-1419'>
      <properties size='1'>
        <property name='download.size' value='47420'/>
      </properties>
    </artifact>
    <artifact classifier='osgi.bundle' id='org.eclipse.update.configurator.source' version='3.3.100.v20100512'>
      <properties size='1'>
        <property name='download.size' value='80491'/>
      </properties>
    </artifact>
    <artifact classifier='osgi.bundle' id='org.eclipse.ui.views' version='3.6.0.v20110928-1505'>
      <properties size='1'>
        <property name='download.size' value='90155'/>
      </properties>
    </artifact>
    <artifact classifier='osgi.bundle' id='org.eclipse.jdt.apt.core' version='3.3.500.v20110420-1015'>
      <properties size='1'>
        <property name='download.size' value='364145'/>
      </properties>
    </artifact>
    <artifact classifier='osgi.bundle' id='org.eclipse.jdt.junit.core.source' version='3.7.0.v20110928-1453'>
      <properties size='1'>
        <property name='download.size' value='97384'/>
      </properties>
    </artifact>
    <artifact classifier='osgi.bundle' id='org.eclipse.equinox.launcher' version='1.2.0.v20110502'>
      <properties size='1'>
        <property name='download.size' value='47262'/>
      </properties>
    </artifact>
    <artifact classifier='osgi.bundle' id='org.eclipse.equinox.http.servlet.source' version='1.1.200.v20110502'>
      <properties size='1'>
        <property name='download.size' value='33133'/>
      </properties>
    </artifact>
    <artifact classifier='osgi.bundle' id='org.eclipse.equinox.frameworkadmin.equinox' version='1.0.300.v20110815-1438'>
      <properties size='1'>
        <property name='download.size' value='61105'/>
      </properties>
    </artifact>
    <artifact classifier='osgi.bundle' id='org.eclipse.equinox.p2.reconciler.dropins.source' version='1.1.100.v20110815-1419'>
      <properties size='1'>
        <property name='download.size' value='31845'/>
      </properties>
    </artifact>
    <artifact classifier='osgi.bundle' id='org.eclipse.equinox.p2.directorywatcher' version='1.0.300.v20110815-1419'>
      <properties size='1'>
        <property name='download.size' value='32571'/>
      </properties>
    </artifact>
    <artifact classifier='osgi.bundle' id='org.eclipse.equinox.launcher.source' version='1.2.0.v20110502'>
      <properties size='1'>
        <property name='download.size' value='39532'/>
      </properties>
    </artifact>
    <artifact classifier='osgi.bundle' id='org.eclipse.jdt.junit4.runtime' version='1.1.200.v20110928-1453'>
      <properties size='1'>
        <property name='download.size' value='18425'/>
      </properties>
    </artifact>
    <artifact classifier='osgi.bundle' id='org.apache.lucene.core.source' version='2.9.1.v201101211721'>
      <properties size='1'>
        <property name='download.size' value='1067289'/>
      </properties>
    </artifact>
    <artifact classifier='osgi.bundle' id='org.eclipse.compare.core.source' version='3.5.200.I20110208-0800'>
      <properties size='1'>
        <property name='download.size' value='59192'/>
      </properties>
    </artifact>
    <artifact classifier='osgi.bundle' id='org.eclipse.compare.core' version='3.5.200.I20110208-0800'>
      <properties size='1'>
        <property name='download.size' value='61780'/>
      </properties>
    </artifact>
    <artifact classifier='osgi.bundle' id='org.eclipse.osgi.services' version='3.3.0.v20110513'>
      <properties size='1'>
        <property name='download.size' value='71157'/>
      </properties>
    </artifact>
    <artifact classifier='osgi.bundle' id='org.eclipse.equinox.security' version='1.1.1.R37x_v20110822-1018'>
      <properties size='1'>
        <property name='download.size' value='106105'/>
      </properties>
    </artifact>
    <artifact classifier='osgi.bundle' id='org.eclipse.core.filesystem.win32.x86_64' version='1.1.300.v20110423-0524'>
      <properties size='1'>
        <property name='download.size' value='28376'/>
      </properties>
    </artifact>
    <artifact classifier='osgi.bundle' id='org.eclipse.jdt.core' version='3.7.3.v20120119-1537'>
      <properties size='1'>
        <property name='download.size' value='4606140'/>
      </properties>
    </artifact>
    <artifact classifier='osgi.bundle' id='org.eclipse.ui.browser.source' version='3.3.101.v20111019-1723'>
      <properties size='1'>
        <property name='download.size' value='93509'/>
      </properties>
    </artifact>
    <artifact classifier='osgi.bundle' id='org.eclipse.jdt.source' version='3.7.2.v201202080800'>
      <properties size='1'>
        <property name='download.size' value='12439'/>
      </properties>
    </artifact>
    <artifact classifier='osgi.bundle' id='org.eclipse.core.filesystem' version='1.3.100.v20110423-0524'>
      <properties size='1'>
        <property name='download.size' value='53218'/>
      </properties>
    </artifact>
    <artifact classifier='osgi.bundle' id='org.eclipse.pde.ua.core.source' version='1.0.100.v20110516'>
      <properties size='1'>
        <property name='download.size' value='107911'/>
      </properties>
    </artifact>
    <artifact classifier='osgi.bundle' id='org.sat4j.core' version='2.3.0.v20110329'>
      <properties size='1'>
        <property name='download.size' value='210700'/>
      </properties>
    </artifact>
    <artifact classifier='osgi.bundle' id='org.eclipse.ui.forms' version='3.5.101.v20111011-1919'>
      <properties size='1'>
        <property name='download.size' value='300905'/>
      </properties>
    </artifact>
    <artifact classifier='osgi.bundle' id='org.eclipse.core.databinding.beans' version='1.2.100.I20100824-0800'>
      <properties size='1'>
        <property name='download.size' value='75419'/>
      </properties>
    </artifact>
    <artifact classifier='osgi.bundle' id='org.eclipse.ui.workbench' version='3.7.1.v20120104-1859'>
      <properties size='1'>
        <property name='download.size' value='4166247'/>
      </properties>
    </artifact>
    <artifact classifier='osgi.bundle' id='org.eclipse.core.jobs.source' version='3.5.101.v20120113-1953'>
      <properties size='1'>
        <property name='download.size' value='92870'/>
      </properties>
    </artifact>
    <artifact classifier='osgi.bundle' id='org.eclipse.equinox.http.servlet' version='1.1.200.v20110502'>
      <properties size='1'>
        <property name='download.size' value='42552'/>
      </properties>
    </artifact>
    <artifact classifier='org.eclipse.update.feature' id='org.eclipse.help.source' version='1.3.0.v20110530-0844-7i7uFFmFFl8nvqbDpEqTvx'>
      <properties size='1'>
        <property name='download.size' value='29690'/>
      </properties>
      <repositoryProperties size='1'>
        <property name='artifact.folder' value='true'/>
      </repositoryProperties>
    </artifact>
    <artifact classifier='osgi.bundle' id='org.eclipse.ui.navigator' version='3.5.101.v20120106-1355'>
      <properties size='1'>
        <property name='download.size' value='404931'/>
      </properties>
    </artifact>
    <artifact classifier='osgi.bundle' id='org.eclipse.ui.views.log.source' version='1.0.200.v20110404'>
      <properties size='1'>
        <property name='download.size' value='54886'/>
      </properties>
    </artifact>
    <artifact classifier='osgi.bundle' id='org.eclipse.ui.workbench.texteditor.source' version='3.7.0.v20110928-1504'>
      <properties size='1'>
        <property name='download.size' value='382788'/>
      </properties>
    </artifact>
    <artifact classifier='osgi.bundle' id='org.eclipse.pde.junit.runtime.source' version='3.4.100.v20110928-1516'>
      <properties size='1'>
        <property name='download.size' value='15156'/>
      </properties>
    </artifact>
    <artifact classifier='osgi.bundle' id='org.eclipse.team.ui.source' version='3.6.101.R37x_v20111109-0800'>
      <properties size='1'>
        <property name='download.size' value='767251'/>
      </properties>
    </artifact>
    <artifact classifier='osgi.bundle' id='org.eclipse.update.core' version='3.2.500.v20110330'>
      <properties size='1'>
        <property name='download.size' value='595825'/>
      </properties>
    </artifact>
    <artifact classifier='org.eclipse.update.feature' id='org.eclipse.equinox.p2.rcp.feature.source' version='1.0.1.v20110906-1605-782EqBqNKGVkiV-PUsgz-uny4gqO'>
      <properties size='1'>
        <property name='download.size' value='16660'/>
      </properties>
      <repositoryProperties size='1'>
        <property name='artifact.folder' value='true'/>
      </repositoryProperties>
    </artifact>
    <artifact classifier='osgi.bundle' id='org.eclipse.search.source' version='3.7.0.v20110928-1504'>
      <properties size='1'>
        <property name='download.size' value='285137'/>
      </properties>
    </artifact>
    <artifact classifier='osgi.bundle' id='org.eclipse.ant.ui.source' version='3.5.101.v20120110-1739'>
      <properties size='1'>
        <property name='download.size' value='523347'/>
      </properties>
    </artifact>
    <artifact classifier='osgi.bundle' id='org.eclipse.jdt.doc.user' version='3.7.1.r372_v20111103'>
      <properties size='1'>
        <property name='download.size' value='7471667'/>
      </properties>
    </artifact>
    <artifact classifier='osgi.bundle' id='org.eclipse.pde.api.tools.source' version='1.0.301.v20111129-2053'>
      <properties size='1'>
        <property name='download.size' value='581909'/>
      </properties>
    </artifact>
    <artifact classifier='osgi.bundle' id='org.eclipse.pde.doc.user' version='3.7.2.v20120120-1417'>
      <properties size='1'>
        <property name='download.size' value='5333571'/>
      </properties>
    </artifact>
    <artifact classifier='osgi.bundle' id='org.eclipse.ecf.ssl' version='1.0.100.v20110531-2218'>
      <properties size='1'>
        <property name='download.size' value='11558'/>
      </properties>
    </artifact>
    <artifact classifier='osgi.bundle' id='org.eclipse.core.commands' version='3.6.0.I20110111-0800'>
      <properties size='1'>
        <property name='download.size' value='107303'/>
      </properties>
    </artifact>
    <artifact classifier='osgi.bundle' id='org.eclipse.core.contenttype' version='3.4.100.v20110423-0524'>
      <properties size='1'>
        <property name='download.size' value='91961'/>
      </properties>
    </artifact>
    <artifact classifier='osgi.bundle' id='org.junit' version='4.8.2.v4_8_2_v20110321-1705'>
      <properties size='1'>
        <property name='download.size' value='202592'/>
      </properties>
      <repositoryProperties size='1'>
        <property name='artifact.folder' value='true'/>
      </repositoryProperties>
    </artifact>
    <artifact classifier='osgi.bundle' id='org.eclipse.ecf.identity.source' version='3.1.100.v20110531-2218'>
      <properties size='1'>
        <property name='download.size' value='44831'/>
      </properties>
    </artifact>
    <artifact classifier='osgi.bundle' id='org.eclipse.core.boot' version='3.1.200.v20100505'>
      <properties size='1'>
        <property name='download.size' value='6261'/>
      </properties>
    </artifact>
    <artifact classifier='osgi.bundle' id='org.eclipse.platform' version='3.7.2.v201202080800'>
      <properties size='1'>
        <property name='download.size' value='338281'/>
      </properties>
      <repositoryProperties size='1'>
        <property name='artifact.folder' value='true'/>
      </repositoryProperties>
    </artifact>
    <artifact classifier='osgi.bundle' id='org.eclipse.jface.text.source' version='3.7.2.v20111213-1208'>
      <properties size='1'>
        <property name='download.size' value='733491'/>
      </properties>
    </artifact>
    <artifact classifier='osgi.bundle' id='org.eclipse.help.appserver' version='3.1.400.v20110425'>
      <properties size='1'>
        <property name='download.size' value='18311'/>
      </properties>
    </artifact>
    <artifact classifier='osgi.bundle' id='org.eclipse.core.filebuffers.source' version='3.5.200.v20110928-1504'>
      <properties size='1'>
        <property name='download.size' value='85281'/>
      </properties>
    </artifact>
    <artifact classifier='osgi.bundle' id='org.eclipse.help.appserver.source' version='3.1.400.v20110425'>
      <properties size='1'>
        <property name='download.size' value='17461'/>
      </properties>
    </artifact>
    <artifact classifier='osgi.bundle' id='org.eclipse.equinox.http.jetty.source' version='2.0.100.v20110502'>
      <properties size='1'>
        <property name='download.size' value='18979'/>
      </properties>
    </artifact>
    <artifact classifier='osgi.bundle' id='org.eclipse.jdt.junit.source' version='3.7.0.v20110928-1453'>
      <properties size='1'>
        <property name='download.size' value='177810'/>
      </properties>
    </artifact>
    <artifact classifier='osgi.bundle' id='org.eclipse.jdt.junit.core' version='3.7.0.v20110928-1453'>
      <properties size='1'>
        <property name='download.size' value='145058'/>
      </properties>
    </artifact>
    <artifact classifier='osgi.bundle' id='org.eclipse.ant.ui' version='3.5.101.v20120110-1739'>
      <properties size='1'>
        <property name='download.size' value='960006'/>
      </properties>
    </artifact>
    <artifact classifier='osgi.bundle' id='org.eclipse.core.runtime.compatibility.registry' version='3.5.0.v20110505'>
      <properties size='1'>
        <property name='download.size' value='16898'/>
      </properties>
      <repositoryProperties size='1'>
        <property name='artifact.folder' value='true'/>
      </repositoryProperties>
    </artifact>
    <artifact classifier='osgi.bundle' id='org.eclipse.jdt.apt.pluggable.core' version='1.0.400.v20110305-1450'>
      <properties size='1'>
        <property name='download.size' value='32474'/>
      </properties>
    </artifact>
    <artifact classifier='osgi.bundle' id='com.ibm.icu' version='4.4.2.v20110823'>
      <properties size='1'>
        <property name='download.size' value='6701203'/>
      </properties>
    </artifact>
    <artifact classifier='osgi.bundle' id='org.hamcrest.core' version='1.1.0.v20090501071000'>
      <properties size='1'>
        <property name='download.size' value='27827'/>
      </properties>
    </artifact>
    <artifact classifier='osgi.bundle' id='org.eclipse.pde.ua.ui' version='1.0.100.v20110516'>
      <properties size='1'>
        <property name='download.size' value='423330'/>
      </properties>
    </artifact>
    <artifact classifier='osgi.bundle' id='org.eclipse.equinox.p2.garbagecollector.source' version='1.0.200.v20110815-1419'>
      <properties size='1'>
        <property name='download.size' value='17020'/>
      </properties>
    </artifact>
    <artifact classifier='osgi.bundle' id='org.eclipse.jdt.junit' version='3.7.0.v20110928-1453'>
      <properties size='1'>
        <property name='download.size' value='420649'/>
      </properties>
    </artifact>
    <artifact classifier='osgi.bundle' id='org.eclipse.equinox.p2.jarprocessor' version='1.0.200.v20110815-1438'>
      <properties size='1'>
        <property name='download.size' value='67015'/>
      </properties>
    </artifact>
    <artifact classifier='osgi.bundle' id='org.eclipse.core.databinding.beans.source' version='1.2.100.I20100824-0800'>
      <properties size='1'>
        <property name='download.size' value='64296'/>
      </properties>
    </artifact>
    <artifact classifier='osgi.bundle' id='org.eclipse.core.runtime.compatibility.registry.source' version='3.5.0.v20110505'>
      <properties size='1'>
        <property name='download.size' value='17233'/>
      </properties>
    </artifact>
    <artifact classifier='osgi.bundle' id='org.eclipse.jdt.compiler.apt.source' version='1.0.400.v0110816-0800'>
      <properties size='1'>
        <property name='download.size' value='113025'/>
      </properties>
    </artifact>
    <artifact classifier='osgi.bundle' id='org.apache.commons.httpclient' version='3.1.0.v201012070820'>
      <properties size='1'>
        <property name='download.size' value='321633'/>
      </properties>
    </artifact>
    <artifact classifier='osgi.bundle' id='org.eclipse.pde.ui' version='3.6.100.v20120103_r372'>
      <properties size='1'>
        <property name='download.size' value='4244134'/>
      </properties>
    </artifact>
    <artifact classifier='osgi.bundle' id='org.eclipse.jdt.launching.source' version='3.6.1.v20111006_r372'>
      <properties size='1'>
        <property name='download.size' value='276570'/>
      </properties>
    </artifact>
    <artifact classifier='osgi.bundle' id='org.eclipse.pde.api.tools' version='1.0.301.v20111129-2053'>
      <properties size='1'>
        <property name='download.size' value='813218'/>
      </properties>
    </artifact>
    <artifact classifier='osgi.bundle' id='org.eclipse.core.expressions.source' version='3.4.300.v20110228'>
      <properties size='1'>
        <property name='download.size' value='78160'/>
      </properties>
    </artifact>
    <artifact classifier='osgi.bundle' id='org.eclipse.pde.junit.runtime' version='3.4.100.v20110928-1516'>
      <properties size='1'>
        <property name='download.size' value='19660'/>
      </properties>
    </artifact>
    <artifact classifier='osgi.bundle' id='org.eclipse.ecf.provider.filetransfer.httpclient' version='4.0.0.v20110531-2218'>
      <properties size='1'>
        <property name='download.size' value='68427'/>
      </properties>
    </artifact>
    <artifact classifier='osgi.bundle' id='javax.servlet.jsp.source' version='2.0.0.v201101211617'>
      <properties size='1'>
        <property name='download.size' value='108133'/>
      </properties>
    </artifact>
    <artifact classifier='osgi.bundle' id='org.eclipse.equinox.p2.director.source' version='2.1.1.v20111126-0211'>
      <properties size='1'>
        <property name='download.size' value='58637'/>
      </properties>
    </artifact>
    <artifact classifier='osgi.bundle' id='org.eclipse.equinox.ds.source' version='1.3.1.R37x_v20110701'>
      <properties size='1'>
        <property name='download.size' value='153274'/>
      </properties>
    </artifact>
    <artifact classifier='osgi.bundle' id='org.eclipse.core.variables.source' version='3.2.500.v20110928-1503'>
      <properties size='1'>
        <property name='download.size' value='34612'/>
      </properties>
    </artifact>
    <artifact classifier='osgi.bundle' id='org.eclipse.jdt.debug' version='3.7.1.v20111006_r372'>
      <properties size='1'>
        <property name='download.size' value='820079'/>
      </properties>
      <repositoryProperties size='1'>
        <property name='artifact.folder' value='true'/>
      </repositoryProperties>
    </artifact>
    <artifact classifier='osgi.bundle' id='org.eclipse.equinox.p2.updatechecker.source' version='1.1.200.v20110815-1419'>
      <properties size='1'>
        <property name='download.size' value='13782'/>
      </properties>
    </artifact>
    <artifact classifier='osgi.bundle' id='org.eclipse.equinox.http.registry.source' version='1.1.100.v20110502'>
      <properties size='1'>
        <property name='download.size' value='30344'/>
      </properties>
    </artifact>
    <artifact classifier='osgi.bundle' id='org.eclipse.pde.ds.ui.source' version='1.0.100.v20111213-1754'>
      <properties size='1'>
        <property name='download.size' value='93317'/>
      </properties>
    </artifact>
    <artifact classifier='osgi.bundle' id='org.eclipse.ui.win32' version='3.2.200.v20110928-1505'>
      <properties size='1'>
        <property name='download.size' value='24653'/>
      </properties>
    </artifact>
    <artifact classifier='org.eclipse.update.feature' id='org.eclipse.rcp.source' version='3.7.2.v20120120-1424-9DB5FmnFq5JCf1UA38R-kz0S0272'>
      <properties size='1'>
        <property name='download.size' value='30204'/>
      </properties>
      <repositoryProperties size='1'>
        <property name='artifact.folder' value='true'/>
      </repositoryProperties>
    </artifact>
    <artifact classifier='org.eclipse.update.feature' id='org.eclipse.sdk' version='3.7.2.r37x_v20111213-7Q7xALDPb32vCjY6UACVPdFTz-icPtJkUadz0lMmk4z-8'>
      <properties size='1'>
        <property name='download.size' value='29706'/>
      </properties>
      <repositoryProperties size='1'>
        <property name='artifact.folder' value='true'/>
      </repositoryProperties>
    </artifact>
    <artifact classifier='osgi.bundle' id='org.eclipse.equinox.event' version='1.2.100.v20110502'>
      <properties size='1'>
        <property name='download.size' value='32525'/>
      </properties>
    </artifact>
    <artifact classifier='osgi.bundle' id='org.eclipse.equinox.p2.extensionlocation.source' version='1.2.100.v20110815-1419'>
      <properties size='1'>
        <property name='download.size' value='24413'/>
      </properties>
    </artifact>
    <artifact classifier='osgi.bundle' id='org.eclipse.ui.forms.source' version='3.5.101.v20111011-1919'>
      <properties size='1'>
        <property name='download.size' value='203647'/>
      </properties>
    </artifact>
    <artifact classifier='osgi.bundle' id='org.eclipse.osgi.util' version='3.2.200.v20110110'>
      <properties size='1'>
        <property name='download.size' value='23764'/>
      </properties>
    </artifact>
    <artifact classifier='osgi.bundle' id='org.eclipse.update.ui' version='3.2.300.v20100512'>
      <properties size='1'>
        <property name='download.size' value='507184'/>
      </properties>
    </artifact>
    <artifact classifier='osgi.bundle' id='org.eclipse.team.core' version='3.6.0.I20110525-0800'>
      <properties size='1'>
        <property name='download.size' value='393873'/>
      </properties>
    </artifact>
    <artifact classifier='osgi.bundle' id='org.eclipse.osgi.services.source' version='3.3.0.v20110513'>
      <properties size='1'>
        <property name='download.size' value='161234'/>
      </properties>
    </artifact>
    <artifact classifier='org.eclipse.update.feature' id='org.eclipse.equinox.p2.extras.feature.source' version='1.0.1.v20110906-1605-7A4FD4DiVOMap8cHSc6vPuny4gqO'>
      <properties size='1'>
        <property name='download.size' value='16696'/>
      </properties>
      <repositoryProperties size='1'>
        <property name='artifact.folder' value='true'/>
      </repositoryProperties>
    </artifact>
    <artifact classifier='osgi.bundle' id='org.eclipse.ltk.core.refactoring' version='3.5.201.r372_v20111101-0700'>
      <properties size='1'>
        <property name='download.size' value='322524'/>
      </properties>
    </artifact>
    <artifact classifier='osgi.bundle' id='org.eclipse.equinox.security.ui' version='1.1.0.v20101004'>
      <properties size='1'>
        <property name='download.size' value='214241'/>
      </properties>
    </artifact>
    <artifact classifier='osgi.bundle' id='org.eclipse.ecf' version='3.1.300.v20110531-2218'>
      <properties size='1'>
        <property name='download.size' value='93248'/>
      </properties>
    </artifact>
    <artifact classifier='osgi.bundle' id='org.eclipse.pde.api.tools.ui' version='1.0.301.v20110803_r371'>
      <properties size='1'>
        <property name='download.size' value='421802'/>
      </properties>
    </artifact>
    <artifact classifier='osgi.bundle' id='org.eclipse.help.base' version='3.6.2.v201202080800'>
      <properties size='1'>
        <property name='download.size' value='414162'/>
      </properties>
    </artifact>
    <artifact classifier='osgi.bundle' id='org.eclipse.team.core.source' version='3.6.0.I20110525-0800'>
      <properties size='1'>
        <property name='download.size' value='360244'/>
      </properties>
    </artifact>
    <artifact classifier='osgi.bundle' id='org.eclipse.pde.runtime' version='3.4.201.v20110928-1516'>
      <properties size='1'>
        <property name='download.size' value='159595'/>
      </properties>
    </artifact>
    <artifact classifier='osgi.bundle' id='org.eclipse.equinox.p2.ui.sdk.scheduler' version='1.0.100.v20110815-1419'>
      <properties size='1'>
        <property name='download.size' value='58910'/>
      </properties>
    </artifact>
    <artifact classifier='osgi.bundle' id='org.eclipse.pde.core.source' version='3.7.1.v20120103_r372'>
      <properties size='1'>
        <property name='download.size' value='915230'/>
      </properties>
    </artifact>
    <artifact classifier='osgi.bundle' id='org.eclipse.ant.launching.source' version='1.0.101.v20120110-1739'>
      <properties size='1'>
        <property name='download.size' value='121246'/>
      </properties>
    </artifact>
    <artifact classifier='osgi.bundle' id='org.eclipse.equinox.simpleconfigurator.manipulator.source' version='2.0.0.v20110815-1438'>
      <properties size='1'>
        <property name='download.size' value='16936'/>
      </properties>
    </artifact>
    <artifact classifier='osgi.bundle' id='org.eclipse.core.resources' version='3.7.101.v20120125-1505'>
      <properties size='1'>
        <property name='download.size' value='807241'/>
      </properties>
    </artifact>
    <artifact classifier='osgi.bundle' id='org.apache.commons.codec' version='1.3.0.v201101211617'>
      <properties size='1'>
        <property name='download.size' value='55011'/>
      </properties>
    </artifact>
    <artifact classifier='osgi.bundle' id='org.eclipse.core.runtime' version='3.7.0.v20110110'>
      <properties size='1'>
        <property name='download.size' value='70526'/>
      </properties>
    </artifact>
    <artifact classifier='org.eclipse.update.feature' id='org.eclipse.pde.source' version='3.7.2.v20120120-1420-7b7rFUOFEx2Xnqafnpz0E--0'>
      <properties size='1'>
        <property name='download.size' value='30410'/>
      </properties>
      <repositoryProperties size='1'>
        <property name='artifact.folder' value='true'/>
      </repositoryProperties>
    </artifact>
    <artifact classifier='osgi.bundle' id='org.eclipse.ui.ide.application.source' version='1.0.300.I20110306-2000'>
      <properties size='1'>
        <property name='download.size' value='36484'/>
      </properties>
    </artifact>
    <artifact classifier='osgi.bundle' id='org.eclipse.core.databinding' version='1.4.0.I20110111-0800'>
      <properties size='1'>
        <property name='download.size' value='200967'/>
      </properties>
    </artifact>
    <artifact classifier='osgi.bundle' id='org.apache.lucene.core' version='2.9.1.v201101211721'>
      <properties size='1'>
        <property name='download.size' value='1168475'/>
      </properties>
    </artifact>
    <artifact classifier='osgi.bundle' id='org.eclipse.equinox.p2.ui.sdk.source' version='1.0.200.v20110815-1419'>
      <properties size='1'>
        <property name='download.size' value='26076'/>
      </properties>
    </artifact>
    <artifact classifier='osgi.bundle' id='org.eclipse.equinox.util.source' version='1.0.300.v20110502'>
      <properties size='1'>
        <property name='download.size' value='66657'/>
      </properties>
    </artifact>
    <artifact classifier='osgi.bundle' id='org.eclipse.equinox.p2.ui.source' version='2.1.1.v20120113-1346'>
      <properties size='1'>
        <property name='download.size' value='273117'/>
      </properties>
    </artifact>
    <artifact classifier='osgi.bundle' id='org.eclipse.ui.navigator.resources' version='3.4.300.v20110928-1505'>
      <properties size='1'>
        <property name='download.size' value='119098'/>
      </properties>
    </artifact>
    <artifact classifier='osgi.bundle' id='org.eclipse.ui.navigator.source' version='3.5.101.v20120106-1355'>
      <properties size='1'>
        <property name='download.size' value='305134'/>
      </properties>
    </artifact>
    <artifact classifier='osgi.bundle' id='org.eclipse.equinox.p2.ui.sdk.scheduler.source' version='1.0.100.v20110815-1419'>
      <properties size='1'>
        <property name='download.size' value='30479'/>
      </properties>
    </artifact>
    <artifact classifier='osgi.bundle' id='org.eclipse.ui.editors' version='3.7.0.v20110928-1504'>
      <properties size='1'>
        <property name='download.size' value='575722'/>
      </properties>
    </artifact>
    <artifact classifier='osgi.bundle' id='org.eclipse.equinox.p2.operations.source' version='2.1.1.R37x_v20111111'>
      <properties size='1'>
        <property name='download.size' value='47777'/>
      </properties>
    </artifact>
    <artifact classifier='osgi.bundle' id='org.eclipse.equinox.event.source' version='1.2.100.v20110502'>
      <properties size='1'>
        <property name='download.size' value='25506'/>
      </properties>
    </artifact>
    <artifact classifier='org.eclipse.update.feature' id='org.eclipse.equinox.p2.extras.feature' version='1.0.1.v20110906-1605-7A4FD4DiVOMap8cHSc6vPuny4gqO'>
      <properties size='1'>
        <property name='download.size' value='29714'/>
      </properties>
      <repositoryProperties size='1'>
        <property name='artifact.folder' value='true'/>
      </repositoryProperties>
    </artifact>
    <artifact classifier='osgi.bundle' id='org.eclipse.ecf.filetransfer' version='5.0.0.v20110531-2218'>
      <properties size='1'>
        <property name='download.size' value='50502'/>
      </properties>
    </artifact>
    <artifact classifier='osgi.bundle' id='org.apache.ant.source' version='1.8.2.v20120109-1030'>
      <properties size='1'>
        <property name='download.size' value='2277829'/>
      </properties>
    </artifact>
    <artifact classifier='osgi.bundle' id='org.eclipse.core.runtime.source' version='3.7.0.v20110110'>
      <properties size='1'>
        <property name='download.size' value='86582'/>
      </properties>
    </artifact>
    <artifact classifier='osgi.bundle' id='org.eclipse.swt.win32.win32.x86_64.source' version='3.7.2.v3740f'>
      <properties size='1'>
        <property name='download.size' value='2395154'/>
      </properties>
    </artifact>
    <artifact classifier='osgi.bundle' id='org.eclipse.help.webapp.source' version='3.6.1.r37_20110929'>
      <properties size='1'>
        <property name='download.size' value='187108'/>
      </properties>
    </artifact>
    <artifact classifier='osgi.bundle' id='org.eclipse.ui.views.log' version='1.0.200.v20110404'>
      <properties size='1'>
        <property name='download.size' value='138538'/>
      </properties>
    </artifact>
    <artifact classifier='osgi.bundle' id='org.apache.commons.codec.source' version='1.3.0.v201101211617'>
      <properties size='1'>
        <property name='download.size' value='67446'/>
      </properties>
    </artifact>
    <artifact classifier='osgi.bundle' id='org.eclipse.ltk.core.refactoring.source' version='3.5.201.r372_v20111101-0700'>
      <properties size='1'>
        <property name='download.size' value='277160'/>
      </properties>
    </artifact>
    <artifact classifier='osgi.bundle' id='org.eclipse.ui.cheatsheets.source' version='3.4.100.v20110425'>
      <properties size='1'>
        <property name='download.size' value='243803'/>
      </properties>
    </artifact>
    <artifact classifier='osgi.bundle' id='org.eclipse.ui.intro.source' version='3.4.100.v20110425'>
      <properties size='1'>
        <property name='download.size' value='256491'/>
      </properties>
    </artifact>
    <artifact classifier='org.eclipse.update.feature' id='org.eclipse.jdt' version='3.7.2.v20120120-1414-7z8gFcuFMP7BW5XTz0jLTnz0l9B1'>
      <properties size='1'>
        <property name='download.size' value='29984'/>
      </properties>
      <repositoryProperties size='1'>
        <property name='artifact.folder' value='true'/>
      </repositoryProperties>
    </artifact>
    <artifact classifier='osgi.bundle' id='org.eclipse.pde.runtime.source' version='3.4.201.v20110928-1516'>
      <properties size='1'>
        <property name='download.size' value='78869'/>
      </properties>
    </artifact>
    <artifact classifier='osgi.bundle' id='org.hamcrest.core.source' version='1.1.0.v20090501071000'>
      <properties size='1'>
        <property name='download.size' value='23075'/>
      </properties>
    </artifact>
    <artifact classifier='osgi.bundle' id='org.apache.commons.httpclient.source' version='3.1.0.v201012070820'>
      <properties size='1'>
        <property name='download.size' value='428476'/>
      </properties>
    </artifact>
    <artifact classifier='osgi.bundle' id='org.eclipse.ui.externaltools.source' version='3.2.0.v20111007_r372'>
      <properties size='1'>
        <property name='download.size' value='76336'/>
      </properties>
    </artifact>
    <artifact classifier='osgi.bundle' id='org.eclipse.jface.databinding' version='1.5.0.I20100907-0800'>
      <properties size='1'>
        <property name='download.size' value='275458'/>
      </properties>
    </artifact>
    <artifact classifier='osgi.bundle' id='org.eclipse.ui.presentations.r21' version='3.2.200.I20100517-1500'>
      <properties size='1'>
        <property name='download.size' value='99350'/>
      </properties>
    </artifact>
    <artifact classifier='osgi.bundle' id='org.eclipse.ui.net' version='1.2.100.v20111208-1155'>
      <properties size='1'>
        <property name='download.size' value='47732'/>
      </properties>
    </artifact>
    <artifact classifier='osgi.bundle' id='org.eclipse.core.variables' version='3.2.500.v20110928-1503'>
      <properties size='1'>
        <property name='download.size' value='33061'/>
      </properties>
    </artifact>
    <artifact classifier='osgi.bundle' id='org.eclipse.equinox.concurrent' version='1.0.200.v20110502'>
      <properties size='1'>
        <property name='download.size' value='19906'/>
      </properties>
    </artifact>
    <artifact classifier='osgi.bundle' id='org.eclipse.core.resources.source' version='3.7.101.v20120125-1505'>
      <properties size='1'>
        <property name='download.size' value='775588'/>
      </properties>
    </artifact>
    <artifact classifier='osgi.bundle' id='org.eclipse.platform.doc.isv' version='3.7.2.v20120120-1417'>
      <properties size='1'>
        <property name='download.size' value='35648365'/>
      </properties>
    </artifact>
    <artifact classifier='osgi.bundle' id='org.eclipse.core.runtime.compatibility.auth.source' version='3.2.200.v20110110'>
      <properties size='1'>
        <property name='download.size' value='21428'/>
      </properties>
    </artifact>
    <artifact classifier='osgi.bundle' id='org.eclipse.jface' version='3.7.0.v20110928-1505'>
      <properties size='1'>
        <property name='download.size' value='1077135'/>
      </properties>
    </artifact>
    <artifact classifier='osgi.bundle' id='org.eclipse.pde.api.tools.ui.source' version='1.0.301.v20110803_r371'>
      <properties size='1'>
        <property name='download.size' value='197669'/>
      </properties>
    </artifact>
    <artifact classifier='osgi.bundle' id='org.eclipse.core.runtime.compatibility.auth' version='3.2.200.v20110110'>
      <properties size='1'>
        <property name='download.size' value='22838'/>
      </properties>
    </artifact>
    <artifact classifier='osgi.bundle' id='org.eclipse.pde.launching.source' version='3.6.0.v20110506'>
      <properties size='1'>
        <property name='download.size' value='87572'/>
      </properties>
    </artifact>
    <artifact classifier='osgi.bundle' id='org.eclipse.equinox.registry' version='3.5.101.R37x_v20110810-1611'>
      <properties size='1'>
        <property name='download.size' value='183035'/>
      </properties>
    </artifact>
    <artifact classifier='osgi.bundle' id='org.eclipse.text.source' version='3.5.101.v20110928-1504'>
      <properties size='1'>
        <property name='download.size' value='252128'/>
      </properties>
    </artifact>
    <artifact classifier='org.eclipse.update.feature' id='org.eclipse.pde' version='3.7.2.v20120120-1420-7b7rFUOFEx2Xnqafnpz0E--0'>
      <properties size='1'>
        <property name='download.size' value='29882'/>
      </properties>
      <repositoryProperties size='1'>
        <property name='artifact.folder' value='true'/>
      </repositoryProperties>
    </artifact>
    <artifact classifier='osgi.bundle' id='org.eclipse.pde.ds.core' version='1.0.100.v20100601'>
      <properties size='1'>
        <property name='download.size' value='55309'/>
      </properties>
    </artifact>
    <artifact classifier='osgi.bundle' id='org.eclipse.jdt.junit.runtime' version='3.4.300.v20110928-1453'>
      <properties size='1'>
        <property name='download.size' value='52250'/>
      </properties>
    </artifact>
    <artifact classifier='osgi.bundle' id='org.eclipse.equinox.p2.operations' version='2.1.1.R37x_v20111111'>
      <properties size='1'>
        <property name='download.size' value='55483'/>
      </properties>
    </artifact>
    <artifact classifier='osgi.bundle' id='org.eclipse.ui.workbench.source' version='3.7.1.v20120104-1859'>
      <properties size='1'>
        <property name='download.size' value='2908552'/>
      </properties>
    </artifact>
    <artifact classifier='osgi.bundle' id='org.eclipse.ui.console.source' version='3.5.100.v20111007_r372'>
      <properties size='1'>
        <property name='download.size' value='112408'/>
      </properties>
    </artifact>
    <artifact classifier='osgi.bundle' id='org.eclipse.pde.ui.templates' version='3.4.400.v20110928-1516'>
      <properties size='1'>
        <property name='download.size' value='551479'/>
      </properties>
    </artifact>
    <artifact classifier='osgi.bundle' id='org.eclipse.team.cvs.core' version='3.3.400.I20110510-0800'>
      <properties size='1'>
        <property name='download.size' value='582370'/>
      </properties>
    </artifact>
    <artifact classifier='osgi.bundle' id='org.eclipse.equinox.p2.touchpoint.natives' version='1.0.300.v20110815-1419'>
      <properties size='1'>
        <property name='download.size' value='50205'/>
      </properties>
    </artifact>
    <artifact classifier='osgi.bundle' id='org.eclipse.jdt.apt.ui' version='3.3.300.v20110305-1450'>
      <properties size='1'>
        <property name='download.size' value='68070'/>
      </properties>
    </artifact>
    <artifact classifier='osgi.bundle' id='org.eclipse.core.externaltools.source' version='1.0.100.v20111007_r372'>
      <properties size='1'>
        <property name='download.size' value='32454'/>
      </properties>
    </artifact>
    <artifact classifier='osgi.bundle' id='org.eclipse.jdt.junit.runtime.source' version='3.4.300.v20110928-1453'>
      <properties size='1'>
        <property name='download.size' value='42014'/>
      </properties>
    </artifact>
    <artifact classifier='org.eclipse.update.feature' id='org.eclipse.platform' version='3.7.2.v20120207-1839-9gF7UHPDFxGjd-PqDr2jX_4yKaumkoHTz04_q-q'>
      <properties size='1'>
        <property name='download.size' value='30934'/>
      </properties>
      <repositoryProperties size='1'>
        <property name='artifact.folder' value='true'/>
      </repositoryProperties>
    </artifact>
    <artifact classifier='osgi.bundle' id='org.eclipse.equinox.p2.repository.source' version='2.1.1.v20120113-1346'>
      <properties size='1'>
        <property name='download.size' value='107364'/>
      </properties>
    </artifact>
    <artifact classifier='osgi.bundle' id='org.apache.lucene.analysis' version='2.9.1.v201101211721'>
      <properties size='1'>
        <property name='download.size' value='216089'/>
      </properties>
    </artifact>
    <artifact classifier='osgi.bundle' id='org.eclipse.jdt.apt.core.source' version='3.3.500.v20110420-1015'>
      <properties size='1'>
        <property name='download.size' value='345568'/>
      </properties>
    </artifact>
    <artifact classifier='osgi.bundle' id='org.eclipse.core.databinding.observable.source' version='1.4.0.I20110222-0800'>
      <properties size='1'>
        <property name='download.size' value='176072'/>
      </properties>
    </artifact>
    <artifact classifier='org.eclipse.update.feature' id='org.eclipse.help' version='1.3.0.v20110530-0844-7i7uFFmFFl8nvqbDpEqTvx'>
      <properties size='1'>
        <property name='download.size' value='29737'/>
      </properties>
      <repositoryProperties size='1'>
        <property name='artifact.folder' value='true'/>
      </repositoryProperties>
    </artifact>
    <artifact classifier='osgi.bundle' id='org.eclipse.ecf.ssl.source' version='1.0.100.v20110531-2218'>
      <properties size='1'>
        <property name='download.size' value='9838'/>
      </properties>
    </artifact>
    <artifact classifier='osgi.bundle' id='org.eclipse.equinox.jsp.jasper.source' version='1.0.300.v20110502'>
      <properties size='1'>
        <property name='download.size' value='16818'/>
      </properties>
    </artifact>
    <artifact classifier='osgi.bundle' id='org.junit4' version='4.8.1.v20100525'>
      <properties size='1'>
        <property name='download.size' value='6023'/>
      </properties>
      <repositoryProperties size='1'>
        <property name='artifact.folder' value='true'/>
      </repositoryProperties>
    </artifact>
    <artifact classifier='osgi.bundle' id='javax.servlet' version='2.5.0.v201103041518'>
      <properties size='1'>
        <property name='download.size' value='119303'/>
      </properties>
    </artifact>
    <artifact classifier='osgi.bundle' id='org.eclipse.compare.source' version='3.5.202.R37x_v20111109-0800'>
      <properties size='1'>
        <property name='download.size' value='394516'/>
      </properties>
    </artifact>
    <artifact classifier='osgi.bundle' id='org.eclipse.update.core.win32.source' version='3.2.200.v20100512'>
      <properties size='1'>
        <property name='download.size' value='12902'/>
      </properties>
    </artifact>
    <artifact classifier='osgi.bundle' id='org.eclipse.jdt.compiler.tool.source' version='1.0.100.v_B79_R37x'>
      <properties size='1'>
        <property name='download.size' value='31593'/>
      </properties>
    </artifact>
    <artifact classifier='osgi.bundle' id='org.eclipse.update.configurator' version='3.3.100.v20100512'>
      <properties size='1'>
        <property name='download.size' value='99908'/>
      </properties>
    </artifact>
    <artifact classifier='osgi.bundle' id='org.objectweb.asm' version='3.3.1.v201105211655'>
      <properties size='1'>
        <property name='download.size' value='228617'/>
      </properties>
    </artifact>
    <artifact classifier='osgi.bundle' id='org.eclipse.equinox.preferences.source' version='3.4.2.v20120111-2020'>
      <properties size='1'>
        <property name='download.size' value='101909'/>
      </properties>
    </artifact>
    <artifact classifier='osgi.bundle' id='org.eclipse.debug.core' version='3.7.1.v20111129-2031'>
      <properties size='1'>
        <property name='download.size' value='344544'/>
      </properties>
    </artifact>
    <artifact classifier='osgi.bundle' id='org.eclipse.equinox.security.win32.x86_64.source' version='1.0.0.v20110502'>
      <properties size='1'>
        <property name='download.size' value='14200'/>
      </properties>
    </artifact>
    <artifact classifier='osgi.bundle' id='org.eclipse.equinox.p2.console.source' version='1.0.300.v20110815-1419'>
      <properties size='1'>
        <property name='download.size' value='17075'/>
      </properties>
    </artifact>
    <artifact classifier='osgi.bundle' id='org.eclipse.osgi' version='3.7.2.v20120110-1415'>
      <properties size='1'>
        <property name='download.size' value='1364409'/>
      </properties>
    </artifact>
    <artifact classifier='osgi.bundle' id='org.eclipse.pde.ua.ui.source' version='1.0.100.v20110516'>
      <properties size='1'>
        <property name='download.size' value='268210'/>
      </properties>
    </artifact>
    <artifact classifier='osgi.bundle' id='org.eclipse.equinox.simpleconfigurator.manipulator' version='2.0.0.v20110815-1438'>
      <properties size='1'>
        <property name='download.size' value='22852'/>
      </properties>
    </artifact>
    <artifact classifier='osgi.bundle' id='org.apache.commons.logging' version='1.0.4.v201101211617'>
      <properties size='1'>
        <property name='download.size' value='45405'/>
      </properties>
    </artifact>
    <artifact classifier='osgi.bundle' id='org.eclipse.ecf.provider.filetransfer' version='3.2.0.v20110531-2218'>
      <properties size='1'>
        <property name='download.size' value='126827'/>
      </properties>
    </artifact>
    <artifact classifier='osgi.bundle' id='org.eclipse.equinox.security.ui.source' version='1.1.0.v20101004'>
      <properties size='1'>
        <property name='download.size' value='88029'/>
      </properties>
    </artifact>
    <artifact classifier='osgi.bundle' id='org.eclipse.pde.ui.templates.source' version='3.4.400.v20110928-1516'>
      <properties size='1'>
        <property name='download.size' value='91530'/>
      </properties>
    </artifact>
    <artifact classifier='osgi.bundle' id='org.eclipse.ui.intro' version='3.4.100.v20110425'>
      <properties size='1'>
        <property name='download.size' value='308537'/>
      </properties>
    </artifact>
    <artifact classifier='osgi.bundle' id='org.eclipse.pde.ui.source' version='3.6.100.v20120103_r372'>
      <properties size='1'>
        <property name='download.size' value='1893044'/>
      </properties>
    </artifact>
    <artifact classifier='osgi.bundle' id='org.eclipse.compare.win32' version='1.0.200.I20110510-0800'>
      <properties size='1'>
        <property name='download.size' value='37883'/>
      </properties>
    </artifact>
    <artifact classifier='osgi.bundle' id='org.eclipse.pde.launching' version='3.6.0.v20110506'>
      <properties size='1'>
        <property name='download.size' value='111803'/>
      </properties>
    </artifact>
    <artifact classifier='osgi.bundle' id='org.eclipse.ui.ide' version='3.7.0.v20110928-1505'>
      <properties size='1'>
        <property name='download.size' value='2339393'/>
      </properties>
    </artifact>
    <artifact classifier='osgi.bundle' id='org.eclipse.ecf.filetransfer.source' version='5.0.0.v20110531-2218'>
      <properties size='1'>
        <property name='download.size' value='74384'/>
      </properties>
    </artifact>
    <artifact classifier='osgi.bundle' id='org.eclipse.ui.editors.source' version='3.7.0.v20110928-1504'>
      <properties size='1'>
        <property name='download.size' value='304816'/>
      </properties>
    </artifact>
    <artifact classifier='osgi.bundle' id='org.eclipse.debug.ui.source' version='3.7.102.v20111129-1423_r372'>
      <properties size='1'>
        <property name='download.size' value='1612819'/>
      </properties>
    </artifact>
    <artifact classifier='osgi.bundle' id='org.eclipse.equinox.p2.metadata' version='2.1.0.v20110815-1419'>
      <properties size='1'>
        <property name='download.size' value='339099'/>
      </properties>
    </artifact>
    <artifact classifier='osgi.bundle' id='org.eclipse.core.filesystem.source' version='1.3.100.v20110423-0524'>
      <properties size='1'>
        <property name='download.size' value='81499'/>
      </properties>
    </artifact>
    <artifact classifier='osgi.bundle' id='org.eclipse.equinox.frameworkadmin.equinox.source' version='1.0.300.v20110815-1438'>
      <properties size='1'>
        <property name='download.size' value='43651'/>
      </properties>
    </artifact>
    <artifact classifier='osgi.bundle' id='org.eclipse.equinox.common.source' version='3.6.0.v20110523'>
      <properties size='1'>
        <property name='download.size' value='116613'/>
      </properties>
    </artifact>
    <artifact classifier='osgi.bundle' id='org.eclipse.ant.core.source' version='3.2.302.v20120110-1739'>
      <properties size='1'>
        <property name='download.size' value='92028'/>
      </properties>
    </artifact>
    <artifact classifier='osgi.bundle' id='org.eclipse.jface.source' version='3.7.0.v20110928-1505'>
      <properties size='1'>
        <property name='download.size' value='931717'/>
      </properties>
    </artifact>
    <artifact classifier='osgi.bundle' id='org.eclipse.equinox.app' version='1.3.100.v20110321'>
      <properties size='1'>
        <property name='download.size' value='85218'/>
      </properties>
    </artifact>
    <artifact classifier='osgi.bundle' id='org.eclipse.core.net.win32.x86_64' version='1.0.100.I20110331-0827'>
      <properties size='1'>
        <property name='download.size' value='28204'/>
      </properties>
    </artifact>
    <artifact classifier='osgi.bundle' id='org.eclipse.jdt.debug.source' version='3.7.1.v20111006_r372'>
      <properties size='1'>
        <property name='download.size' value='772333'/>
      </properties>
    </artifact>
    <artifact classifier='osgi.bundle' id='org.eclipse.rcp' version='3.7.2.v201202080800'>
      <properties size='1'>
        <property name='download.size' value='14149'/>
      </properties>
    </artifact>
    <artifact classifier='osgi.bundle' id='org.eclipse.update.ui.source' version='3.2.300.v20100512'>
      <properties size='1'>
        <property name='download.size' value='191135'/>
      </properties>
    </artifact>
    <artifact classifier='osgi.bundle' id='org.eclipse.jface.databinding.source' version='1.5.0.I20100907-0800'>
      <properties size='1'>
        <property name='download.size' value='200517'/>
      </properties>
    </artifact>
    <artifact classifier='osgi.bundle' id='org.eclipse.team.cvs.ssh2' version='3.2.300.I20110511-0800'>
      <properties size='1'>
        <property name='download.size' value='27118'/>
      </properties>
    </artifact>
    <artifact classifier='osgi.bundle' id='org.eclipse.equinox.p2.touchpoint.eclipse' version='2.1.1.v20110815-1419'>
      <properties size='1'>
        <property name='download.size' value='123274'/>
      </properties>
    </artifact>
    <artifact classifier='org.eclipse.update.feature' id='org.eclipse.equinox.p2.rcp.feature' version='1.0.1.v20110906-1605-782EqBqNKGVkiV-PUsgz-uny4gqO'>
      <properties size='1'>
        <property name='download.size' value='29639'/>
      </properties>
      <repositoryProperties size='1'>
        <property name='artifact.folder' value='true'/>
      </repositoryProperties>
    </artifact>
    <artifact classifier='osgi.bundle' id='org.eclipse.core.runtime.compatibility' version='3.2.100.v20100505'>
      <properties size='1'>
        <property name='download.size' value='92809'/>
      </properties>
    </artifact>
    <artifact classifier='osgi.bundle' id='org.eclipse.equinox.p2.console' version='1.0.300.v20110815-1419'>
      <properties size='1'>
        <property name='download.size' value='26965'/>
      </properties>
    </artifact>
    <artifact classifier='osgi.bundle' id='org.eclipse.equinox.frameworkadmin' version='2.0.0.v20110815-1438'>
      <properties size='1'>
        <property name='download.size' value='34991'/>
      </properties>
    </artifact>
    <artifact classifier='osgi.bundle' id='org.eclipse.equinox.p2.publisher.eclipse' version='1.0.0.v20110815-1438'>
      <properties size='1'>
        <property name='download.size' value='198295'/>
      </properties>
      <repositoryProperties size='1'>
        <property name='artifact.folder' value='true'/>
      </repositoryProperties>
    </artifact>
    <artifact classifier='osgi.bundle' id='org.eclipse.equinox.jsp.jasper.registry' version='1.0.200.v20100503'>
      <properties size='1'>
        <property name='download.size' value='11131'/>
      </properties>
    </artifact>
    <artifact classifier='osgi.bundle' id='org.eclipse.ui.workbench.compatibility' version='3.2.100.I20110413-1600'>
      <properties size='1'>
        <property name='download.size' value='13888'/>
      </properties>
      <repositoryProperties size='1'>
        <property name='artifact.folder' value='true'/>
      </repositoryProperties>
    </artifact>
    <artifact classifier='osgi.bundle' id='org.eclipse.ltk.ui.refactoring.source' version='3.6.0.v20110928-1453'>
      <properties size='1'>
        <property name='download.size' value='239788'/>
      </properties>
    </artifact>
    <artifact classifier='osgi.bundle' id='org.eclipse.debug.core.source' version='3.7.1.v20111129-2031'>
      <properties size='1'>
        <property name='download.size' value='360805'/>
      </properties>
    </artifact>
    <artifact classifier='osgi.bundle' id='org.eclipse.equinox.p2.repository.tools' version='2.0.100.v20110815-1438'>
      <properties size='1'>
        <property name='download.size' value='232685'/>
      </properties>
    </artifact>
    <artifact classifier='osgi.bundle' id='org.eclipse.equinox.p2.updatesite' version='1.0.300.v20110815-1419'>
      <properties size='1'>
        <property name='download.size' value='82550'/>
      </properties>
    </artifact>
    <artifact classifier='osgi.bundle' id='org.eclipse.compare' version='3.5.202.R37x_v20111109-0800'>
      <properties size='1'>
        <property name='download.size' value='735048'/>
      </properties>
    </artifact>
    <artifact classifier='osgi.bundle' id='com.jcraft.jsch.source' version='0.1.44.v201101211721'>
      <properties size='1'>
        <property name='download.size' value='225953'/>
      </properties>
    </artifact>
    <artifact classifier='osgi.bundle' id='org.eclipse.jdt.core.source' version='3.7.3.v20120119-1537'>
      <properties size='1'>
        <property name='download.size' value='3803093'/>
      </properties>
    </artifact>
    <artifact classifier='osgi.bundle' id='org.eclipse.equinox.simpleconfigurator.source' version='1.0.200.v20110815-1438'>
      <properties size='1'>
        <property name='download.size' value='32825'/>
      </properties>
    </artifact>
    <artifact classifier='osgi.bundle' id='org.eclipse.pde.core' version='3.7.1.v20120103_r372'>
      <properties size='1'>
        <property name='download.size' value='1177428'/>
      </properties>
    </artifact>
    <artifact classifier='osgi.bundle' id='org.eclipse.equinox.p2.ui.importexport.source' version='1.0.1.R37x_v20111103'>
      <properties size='1'>
        <property name='download.size' value='46673'/>
      </properties>
    </artifact>
    <artifact classifier='osgi.bundle' id='org.eclipse.equinox.security.win32.x86_64' version='1.0.0.v20110502'>
      <properties size='1'>
        <property name='download.size' value='34273'/>
      </properties>
    </artifact>
    <artifact classifier='osgi.bundle' id='org.eclipse.team.cvs.ui' version='3.3.401.v20120126-1227'>
      <properties size='1'>
        <property name='download.size' value='1674256'/>
      </properties>
    </artifact>
    <artifact classifier='org.eclipse.update.feature' id='org.eclipse.platform.source' version='3.7.2.v20120207-1839-9gF7UHPDFxGjd-PqDr2jX_4yKaumkoHTz04_q-q'>
      <properties size='1'>
        <property name='download.size' value='30548'/>
      </properties>
      <repositoryProperties size='1'>
        <property name='artifact.folder' value='true'/>
      </repositoryProperties>
    </artifact>
    <artifact classifier='osgi.bundle' id='org.eclipse.help.ui' version='3.5.101.r37_20110819'>
      <properties size='1'>
        <property name='download.size' value='509522'/>
      </properties>
    </artifact>
    <artifact classifier='osgi.bundle' id='org.eclipse.ant.launching' version='1.0.101.v20120110-1739'>
      <properties size='1'>
        <property name='download.size' value='150271'/>
      </properties>
    </artifact>
    <artifact classifier='osgi.bundle' id='org.eclipse.jdt.debug.ui' version='3.6.1.v20111006_r372'>
      <properties size='1'>
        <property name='download.size' value='1359226'/>
      </properties>
    </artifact>
    <artifact classifier='osgi.bundle' id='org.eclipse.pde.ds.ui' version='1.0.100.v20111213-1754'>
      <properties size='1'>
        <property name='download.size' value='189885'/>
      </properties>
    </artifact>
    <artifact classifier='osgi.bundle' id='org.eclipse.team.cvs.ssh2.source' version='3.2.300.I20110511-0800'>
      <properties size='1'>
        <property name='download.size' value='18064'/>
      </properties>
    </artifact>
    <artifact classifier='osgi.bundle' id='org.eclipse.ui.source' version='3.7.0.v20110928-1505'>
      <properties size='1'>
        <property name='download.size' value='144254'/>
      </properties>
    </artifact>
    <artifact classifier='osgi.bundle' id='org.eclipse.jdt.core.manipulation.source' version='1.4.0.v20110928-1453'>
      <properties size='1'>
        <property name='download.size' value='95395'/>
      </properties>
    </artifact>
    <artifact classifier='osgi.bundle' id='org.eclipse.pde' version='3.7.2.v201202080800'>
      <properties size='1'>
        <property name='download.size' value='71627'/>
      </properties>
    </artifact>
    <artifact classifier='osgi.bundle' id='org.eclipse.jdt.debug.ui.source' version='3.6.1.v20111006_r372'>
      <properties size='1'>
        <property name='download.size' value='769380'/>
      </properties>
    </artifact>
    <artifact classifier='osgi.bundle' id='org.eclipse.ui.cheatsheets' version='3.4.100.v20110425'>
      <properties size='1'>
        <property name='download.size' value='328979'/>
      </properties>
    </artifact>
    <artifact classifier='org.eclipse.update.feature' id='org.eclipse.cvs.source' version='1.3.100.v20110520-0800-7B78FHl9VF7BD7KBM4GP9C'>
      <properties size='1'>
        <property name='download.size' value='29571'/>
      </properties>
      <repositoryProperties size='1'>
        <property name='artifact.folder' value='true'/>
      </repositoryProperties>
    </artifact>
    <artifact classifier='osgi.bundle' id='org.eclipse.equinox.p2.garbagecollector' version='1.0.200.v20110815-1419'>
      <properties size='1'>
        <property name='download.size' value='25002'/>
      </properties>
    </artifact>
    <artifact classifier='osgi.bundle' id='org.eclipse.equinox.p2.engine' version='2.1.1.R37x_v20111003'>
      <properties size='1'>
        <property name='download.size' value='184966'/>
      </properties>
    </artifact>
    <artifact classifier='osgi.bundle' id='org.eclipse.pde.build' version='3.7.0.v20111116-2009'>
      <properties size='1'>
        <property name='download.size' value='480192'/>
      </properties>
      <repositoryProperties size='1'>
        <property name='artifact.folder' value='true'/>
      </repositoryProperties>
    </artifact>
    <artifact classifier='osgi.bundle' id='org.eclipse.core.externaltools' version='1.0.100.v20111007_r372'>
      <properties size='1'>
        <property name='download.size' value='39712'/>
      </properties>
    </artifact>
    <artifact classifier='osgi.bundle' id='org.eclipse.rcp.source' version='3.7.2.v201202080800'>
      <properties size='1'>
        <property name='download.size' value='12459'/>
      </properties>
    </artifact>
    <artifact classifier='osgi.bundle' id='org.eclipse.pde.source' version='3.7.2.v201202080800'>
      <properties size='1'>
        <property name='download.size' value='12486'/>
      </properties>
    </artifact>
    <artifact classifier='org.eclipse.update.feature' id='org.eclipse.equinox.p2.user.ui' version='2.1.2.R37x_v20110815-1155-6-Bk8pYWZz0qUTX5I15GZWwbXkrl'>
      <properties size='1'>
        <property name='download.size' value='29680'/>
      </properties>
      <repositoryProperties size='1'>
        <property name='artifact.folder' value='true'/>
      </repositoryProperties>
    </artifact>
    <artifact classifier='osgi.bundle' id='org.eclipse.debug.ui' version='3.7.102.v20111129-1423_r372'>
      <properties size='1'>
        <property name='download.size' value='2578664'/>
      </properties>
    </artifact>
    <artifact classifier='osgi.bundle' id='org.eclipse.ui.navigator.resources.source' version='3.4.300.v20110928-1505'>
      <properties size='1'>
        <property name='download.size' value='70916'/>
      </properties>
    </artifact>
    <artifact classifier='osgi.bundle' id='org.eclipse.core.contenttype.source' version='3.4.100.v20110423-0524'>
      <properties size='1'>
        <property name='download.size' value='76839'/>
      </properties>
    </artifact>
    <artifact classifier='osgi.bundle' id='org.eclipse.jsch.ui.source' version='1.1.300.R37x_v20111201-1600'>
      <properties size='1'>
        <property name='download.size' value='43262'/>
      </properties>
    </artifact>
    <artifact classifier='org.eclipse.update.feature' id='org.eclipse.rcp' version='3.7.2.v20120120-1424-9DB5FmnFq5JCf1UA38R-kz0S0272'>
      <properties size='1'>
        <property name='download.size' value='30437'/>
      </properties>
      <repositoryProperties size='1'>
        <property name='artifact.folder' value='true'/>
      </repositoryProperties>
    </artifact>
    <artifact classifier='osgi.bundle' id='org.eclipse.equinox.frameworkadmin.source' version='2.0.0.v20110815-1438'>
      <properties size='1'>
        <property name='download.size' value='34019'/>
      </properties>
    </artifact>
    <artifact classifier='osgi.bundle' id='org.eclipse.equinox.p2.director' version='2.1.1.v20111126-0211'>
      <properties size='1'>
        <property name='download.size' value='95160'/>
      </properties>
    </artifact>
    <artifact classifier='osgi.bundle' id='org.eclipse.sdk' version='3.7.2.v201202080800'>
      <properties size='1'>
        <property name='download.size' value='57011'/>
      </properties>
      <repositoryProperties size='1'>
        <property name='artifact.folder' value='true'/>
      </repositoryProperties>
    </artifact>
    <artifact classifier='osgi.bundle' id='org.eclipse.equinox.p2.ql' version='2.0.100.v20110815-1419'>
      <properties size='1'>
        <property name='download.size' value='8045'/>
      </properties>
    </artifact>
    <artifact classifier='osgi.bundle' id='org.eclipse.jdt.apt.ui.source' version='3.3.300.v20110305-1450'>
      <properties size='1'>
        <property name='download.size' value='42183'/>
      </properties>
    </artifact>
    <artifact classifier='osgi.bundle' id='org.eclipse.equinox.http.jetty' version='2.0.100.v20110502'>
      <properties size='1'>
        <property name='download.size' value='24884'/>
      </properties>
    </artifact>
    <artifact classifier='osgi.bundle' id='org.eclipse.team.ui' version='3.6.101.R37x_v20111109-0800'>
      <properties size='1'>
        <property name='download.size' value='1440823'/>
      </properties>
    </artifact>
    <artifact classifier='org.eclipse.update.feature' id='org.eclipse.cvs' version='1.3.100.v20110520-0800-7B78FHl9VF7BD7KBM4GP9C'>
      <properties size='1'>
        <property name='download.size' value='29663'/>
      </properties>
      <repositoryProperties size='1'>
        <property name='artifact.folder' value='true'/>
      </repositoryProperties>
    </artifact>
    <artifact classifier='osgi.bundle' id='org.eclipse.equinox.jsp.jasper.registry.source' version='1.0.200.v20100503'>
      <properties size='1'>
        <property name='download.size' value='9843'/>
      </properties>
    </artifact>
    <artifact classifier='osgi.bundle' id='org.eclipse.core.runtime.compatibility.source' version='3.2.100.v20100505'>
      <properties size='1'>
        <property name='download.size' value='84905'/>
      </properties>
    </artifact>
    <artifact classifier='osgi.bundle' id='org.mortbay.jetty.util.source' version='6.1.23.v201012071420'>
      <properties size='1'>
        <property name='download.size' value='138805'/>
      </properties>
    </artifact>
    <artifact classifier='osgi.bundle' id='org.eclipse.ui.presentations.r21.source' version='3.2.200.I20100517-1500'>
      <properties size='1'>
        <property name='download.size' value='61282'/>
      </properties>
    </artifact>
    <artifact classifier='osgi.bundle' id='org.eclipse.help' version='3.5.100.v20110426'>
      <properties size='1'>
        <property name='download.size' value='257403'/>
      </properties>
    </artifact>
    <artifact classifier='osgi.bundle' id='org.eclipse.equinox.p2.touchpoint.eclipse.source' version='2.1.1.v20110815-1419'>
      <properties size='1'>
        <property name='download.size' value='88170'/>
      </properties>
    </artifact>
    <artifact classifier='osgi.bundle' id='org.eclipse.update.core.win32' version='3.2.200.v20100512'>
      <properties size='1'>
        <property name='download.size' value='86329'/>
      </properties>
    </artifact>
    <artifact classifier='osgi.bundle' id='org.eclipse.jsch.core' version='1.1.300.I20110514-0800'>
      <properties size='1'>
        <property name='download.size' value='36301'/>
      </properties>
    </artifact>
  </artifacts>
</repository>
