<?xml version="1.0" encoding="UTF-8"?>
<feature id="org.eclipse.help.source" version="1.3.0.v20110530-0844-7i7uFFmFFl8nvqbDpEqTvx" label="%featureName"   provider-name="%providerName"     >
	<description >
		%description
	</description>
	<copyright >
		%copyright
	</copyright>
	<license url="%licenseURL">
      %license
  	</license>
	<plugin id="javax.servlet.source" version="2.5.0.v201103041518"     unpack="false"/>
	<plugin id="javax.servlet.jsp.source" version="2.0.0.v201101211617"     unpack="false"/>
	<plugin id="org.apache.jasper.source" version="5.5.17.v201101211617"     unpack="false"/>
	<plugin id="org.apache.commons.el.source" version="1.0.0.v201101211617"     unpack="false"/>
	<plugin id="org.apache.commons.logging.source" version="1.0.4.v201101211617"     unpack="false"/>
	<plugin id="org.apache.lucene.source" version="2.9.1.v201101211721"     unpack="false"/>
	<plugin id="org.apache.lucene.analysis.source" version="2.9.1.v201101211721"     unpack="false"/>
	<plugin id="org.apache.lucene.core.source" version="2.9.1.v201101211721"     unpack="false"/>
	<plugin id="org.mortbay.jetty.util.source" version="6.1.23.v201012071420"     unpack="false"/>
	<plugin id="org.mortbay.jetty.server.source" version="6.1.23.v201012071420"     unpack="false"/>
	<plugin id="org.eclipse.equinox.http.jetty.source" version="2.0.100.v20110502"     unpack="false"/>
	<plugin id="org.eclipse.equinox.http.registry.source" version="1.1.100.v20110502"     unpack="false"/>
	<plugin id="org.eclipse.equinox.http.servlet.source" version="1.1.200.v20110502"     unpack="false"/>
	<plugin id="org.eclipse.equinox.jsp.jasper.source" version="1.0.300.v20110502"     unpack="false"/>
	<plugin id="org.eclipse.equinox.jsp.jasper.registry.source" version="1.0.200.v20100503"     unpack="false"/>
	<plugin id="org.eclipse.help.base.source" version="3.6.2.v201202080800"     unpack="false"/>
	<plugin id="org.eclipse.help.ui.source" version="3.5.101.r37_20110819"     unpack="false"/>
	<plugin id="org.eclipse.help.webapp.source" version="3.6.1.r37_20110929"     unpack="false"/>
</feature>
