<?xml version="1.0" encoding="UTF-8"?>
<feature id="org.eclipse.equinox.p2.core.feature.source" version="1.0.1.v20110906-1605-8290FZ9FVKHVRKtmx3fpNuo02129" label="%featureName"   provider-name="%providerName" image="eclipse_update_120.jpg"    >
	<description >
		%description
	</description>
	<copyright url="%copyrightURL">
		%copyright
	</copyright>
	<license url="%licenseURL">
      %license
  	</license>
	<plugin id="org.eclipse.equinox.p2.artifact.repository.source" version="1.1.101.v20110815-1419"     unpack="false"/>
	<plugin id="org.eclipse.equinox.p2.console.source" version="1.0.300.v20110815-1419"     unpack="false"/>
	<plugin id="org.eclipse.equinox.p2.core.source" version="2.1.1.v20120113-1346"     unpack="false"/>
	<plugin id="org.eclipse.equinox.p2.director.source" version="2.1.1.v20111126-0211"     unpack="false"/>
	<plugin id="org.eclipse.equinox.p2.engine.source" version="2.1.1.R37x_v20111003"     unpack="false"/>
	<plugin id="org.eclipse.equinox.p2.garbagecollector.source" version="1.0.200.v20110815-1419"     unpack="false"/>
	<plugin id="org.eclipse.equinox.p2.metadata.source" version="2.1.0.v20110815-1419"     unpack="false"/>
	<plugin id="org.eclipse.equinox.p2.metadata.repository.source" version="1.2.0.v20110815-1419"     unpack="false"/>
	<plugin id="org.eclipse.equinox.p2.repository.source" version="2.1.1.v20120113-1346"     unpack="false"/>
	<plugin id="org.eclipse.equinox.p2.touchpoint.eclipse.source" version="2.1.1.v20110815-1419"     unpack="false"/>
	<plugin id="org.eclipse.equinox.p2.touchpoint.natives.source" version="1.0.300.v20110815-1419"     unpack="false"/>
	<plugin id="org.eclipse.equinox.simpleconfigurator.manipulator.source" version="2.0.0.v20110815-1438"     unpack="false"/>
	<plugin id="org.eclipse.ecf.source" version="3.1.300.v20110531-2218"     unpack="false"/>
	<plugin id="org.eclipse.ecf.filetransfer.source" version="5.0.0.v20110531-2218"     unpack="false"/>
	<plugin id="org.eclipse.ecf.identity.source" version="3.1.100.v20110531-2218"     unpack="false"/>
	<plugin id="org.eclipse.ecf.provider.filetransfer.source" version="3.2.0.v20110531-2218"     unpack="false"/>
	<plugin id="org.eclipse.ecf.provider.filetransfer.httpclient.source" version="4.0.0.v20110531-2218"     unpack="false"/>
	<plugin id="org.eclipse.ecf.provider.filetransfer.httpclient.ssl.source" version="1.0.0.v20110531-2218"     unpack="false"/>
	<plugin id="org.eclipse.ecf.provider.filetransfer.ssl.source" version="1.0.0.v20110531-2218"     unpack="false"/>
	<plugin id="org.eclipse.ecf.ssl.source" version="1.0.100.v20110531-2218"     unpack="false"/>
	<plugin id="org.apache.commons.codec.source" version="1.3.0.v201101211617"     unpack="false"/>
	<plugin id="org.apache.commons.httpclient.source" version="3.1.0.v201012070820"     unpack="false"/>
	<plugin id="org.apache.commons.logging.source" version="1.0.4.v201101211617"     unpack="false"/>
	<plugin id="org.eclipse.equinox.frameworkadmin.source" version="2.0.0.v20110815-1438"     unpack="false"/>
	<plugin id="org.eclipse.equinox.frameworkadmin.equinox.source" version="1.0.300.v20110815-1438"     unpack="false"/>
	<plugin id="org.eclipse.equinox.preferences.source" version="3.4.2.v20120111-2020"     unpack="false"/>
	<plugin id="org.eclipse.equinox.security.source" version="1.1.1.R37x_v20110822-1018"     unpack="false"/>
	<plugin id="org.eclipse.equinox.p2.jarprocessor.source" version="1.0.200.v20110815-1438"     unpack="false"/>
	<plugin id="org.eclipse.equinox.p2.ql.source" version="2.0.100.v20110815-1419"     unpack="false"/>
	<plugin id="org.eclipse.equinox.p2.transport.ecf.source" version="1.0.0.v20111128-0624"     unpack="false"/>
	<plugin id="org.eclipse.equinox.p2.operations.source" version="2.1.1.R37x_v20111111"     unpack="false"/>
	<plugin id="org.eclipse.equinox.security.macosx.source" version="1.100.100.v20100503" os="macosx"    unpack="false"/>
	<plugin id="org.eclipse.equinox.security.win32.x86.source" version="1.0.200.v20100503" os="win32" arch="x86"   unpack="false"/>
	<plugin id="org.eclipse.equinox.security.win32.x86_64.source" version="1.0.0.v20110502" os="win32" arch="x86_64"   unpack="false"/>
</feature>
