<?xml version="1.0" encoding="UTF-8"?>
<feature id="org.eclipse.cvs.source" version="1.3.100.v20110520-0800-7B78FHl9VF7BD7KBM4GP9C" label="%featureName"   provider-name="%providerName"     >
	<description >
		%description
	</description>
	<copyright >
		%copyright
	</copyright>
	<license url="%licenseURL">
      %license
  	</license>
	<url>
		<update url="http://download.eclipse.org/eclipse/updates/3.6" label="%updateSiteName"/>
		<discovery url="http://download.eclipse.org/eclipse/updates/3.6" label="%updateSiteName"/>
		<discovery url="http://download.eclipse.org/releases/helios" label="%secondaryUpdateSiteName"/>
	</url>
	<plugin id="org.eclipse.cvs.source" version="1.1.100.v201202080800"     unpack="false"/>
	<plugin id="org.eclipse.team.cvs.core.source" version="3.3.400.I20110510-0800"     unpack="false"/>
	<plugin id="org.eclipse.team.cvs.ssh2.source" version="3.2.300.I20110511-0800"     unpack="false"/>
	<plugin id="org.eclipse.team.cvs.ui.source" version="3.3.401.v20120126-1227"     unpack="false"/>
</feature>
