<?xml version="1.0" encoding="UTF-8"?>
<feature
      id="org.eclipse.pde"
      label="%featureName"
      version="3.7.2.v20120120-1420-7b7rFUOFEx2Xnqafnpz0E--0"
      provider-name="%providerName"
      image="eclipse_update_120.jpg"   
      
      >

   <description>
      %description
   </description>

   <copyright>
      %copyright
   </copyright>

   <license url="%licenseURL">
      %license
   </license>

   <url>
      <update label="%updateSiteName" url="http://download.eclipse.org/eclipse/updates/3.6"/>
      <discovery label="%updateSiteName" url="http://download.eclipse.org/eclipse/updates/3.6"/>
      <discovery label="%secondaryUpdateSiteName" url="http://download.eclipse.org/releases/helios"/>
   </url>

   <requires>
      <import feature="org.eclipse.jdt" version="3.7.2" match="compatible"/>
      <import feature="org.eclipse.platform" version="3.7.2" match="greaterOrEqual"/>
   </requires>

   <plugin
         id="org.eclipse.pde"
         download-size="0"
         install-size="0"
         version="3.7.2.v201202080800"
         unpack="false"/>

   <plugin
         id="org.eclipse.pde.build"
         download-size="0"
         install-size="0"
         version="3.7.0.v20111116-2009"/>

   <plugin
         id="org.eclipse.pde.core"
         download-size="0"
         install-size="0"
         version="3.7.1.v20120103_r372"
         unpack="false"/>

   <plugin
         id="org.eclipse.pde.junit.runtime"
         download-size="0"
         install-size="0"
         version="3.4.100.v20110928-1516"
         unpack="false"/>

   <plugin
         id="org.eclipse.pde.runtime"
         download-size="0"
         install-size="0"
         version="3.4.201.v20110928-1516"
         unpack="false"/>

   <plugin
         id="org.eclipse.pde.ui"
         download-size="0"
         install-size="0"
         version="3.6.100.v20120103_r372"
         unpack="false"/>

   <plugin
         id="org.eclipse.pde.doc.user"
         download-size="0"
         install-size="0"
         version="3.7.2.v20120120-1417"
         unpack="false"/>

   <plugin
         id="org.eclipse.pde.ui.templates"
         download-size="0"
         install-size="0"
         version="3.4.400.v20110928-1516"
         unpack="false"/>

   <plugin
         id="org.eclipse.ui.views.log"
         download-size="0"
         install-size="0"
         version="1.0.200.v20110404"
         unpack="false"/>

   <plugin
         id="org.objectweb.asm"
         download-size="0"
         install-size="0"
         version="3.3.1.v201105211655"
         unpack="false"/>

   <plugin
         id="org.eclipse.pde.api.tools"
         download-size="0"
         install-size="0"
         version="1.0.301.v20111129-2053"
         unpack="false"/>

   <plugin
         id="org.eclipse.pde.api.tools.ui"
         download-size="0"
         install-size="0"
         version="1.0.301.v20110803_r371"
         unpack="false"/>
         
   <plugin
         id="org.eclipse.pde.ds.core"
         download-size="0"
         install-size="0"
         version="1.0.100.v20100601"
         unpack="false"/>
         
   <plugin
         id="org.eclipse.pde.ds.ui"
         download-size="0"
         install-size="0"
         version="1.0.100.v20111213-1754"
         unpack="false"/>
                  
   <plugin
         id="org.eclipse.pde.launching"
         download-size="0"
         install-size="0"
         version="3.6.0.v20110506"
         unpack="false"/>               
         
   <plugin
         id="org.eclipse.pde.ua.core"
         download-size="0"
         install-size="0"
         version="1.0.100.v20110516"
         unpack="false"/>       
  
  <plugin
         id="org.eclipse.pde.ua.ui"
         download-size="0"
         install-size="0"
         version="1.0.100.v20110516"
         unpack="false"/>
         
</feature>
