<?xml version="1.0" encoding="UTF-8"?>
<config transient="false" date="1328723134081">
	<site enabled="true" updateable="true" policy="USER-EXCLUDE" url="platform:/base/">
		<feature id="org.eclipse.jdt" url="features/org.eclipse.jdt_3.7.2.v20120120-1414-7z8gFcuFMP7BW5XTz0jLTnz0l9B1/" version="3.7.2.v20120120-1414-7z8gFcuFMP7BW5XTz0jLTnz0l9B1">
		</feature>
		<feature id="org.eclipse.equinox.p2.rcp.feature.source" url="features/org.eclipse.equinox.p2.rcp.feature.source_1.0.1.v20110906-1605-782EqBqNKGVkiV-PUsgz-uny4gqO/" version="1.0.1.v20110906-1605-782EqBqNKGVkiV-PUsgz-uny4gqO">
		</feature>
		<feature id="org.eclipse.equinox.p2.rcp.feature" url="features/org.eclipse.equinox.p2.rcp.feature_1.0.1.v20110906-1605-782EqBqNKGVkiV-PUsgz-uny4gqO/" version="1.0.1.v20110906-1605-782EqBqNKGVkiV-PUsgz-uny4gqO">
		</feature>
		<feature id="org.eclipse.jdt.source" url="features/org.eclipse.jdt.source_3.7.2.v20120120-1414-7z8gFcuFMP7BW5XTz0jLTnz0l9B1/" version="3.7.2.v20120120-1414-7z8gFcuFMP7BW5XTz0jLTnz0l9B1">
		</feature>
		<feature id="org.eclipse.equinox.p2.user.ui" url="features/org.eclipse.equinox.p2.user.ui_2.1.2.R37x_v20110815-1155-6-Bk8pYWZz0qUTX5I15GZWwbXkrl/" version="2.1.2.R37x_v20110815-1155-6-Bk8pYWZz0qUTX5I15GZWwbXkrl">
		</feature>
		<feature id="org.eclipse.help" plugin-identifier="org.eclipse.help.base" url="features/org.eclipse.help_1.3.0.v20110530-0844-7i7uFFmFFl8nvqbDpEqTvx/" version="1.3.0.v20110530-0844-7i7uFFmFFl8nvqbDpEqTvx">
		</feature>
		<feature id="org.eclipse.cvs.source" url="features/org.eclipse.cvs.source_1.3.100.v20110520-0800-7B78FHl9VF7BD7KBM4GP9C/" version="1.3.100.v20110520-0800-7B78FHl9VF7BD7KBM4GP9C">
		</feature>
		<feature id="org.eclipse.equinox.p2.core.feature.source" url="features/org.eclipse.equinox.p2.core.feature.source_1.0.1.v20110906-1605-8290FZ9FVKHVRKtmx3fpNuo02129/" version="1.0.1.v20110906-1605-8290FZ9FVKHVRKtmx3fpNuo02129">
		</feature>
		<feature id="org.eclipse.rcp.source" url="features/org.eclipse.rcp.source_3.7.2.v20120120-1424-9DB5FmnFq5JCf1UA38R-kz0S0272/" version="3.7.2.v20120120-1424-9DB5FmnFq5JCf1UA38R-kz0S0272">
		</feature>
		<feature id="org.eclipse.equinox.p2.extras.feature" url="features/org.eclipse.equinox.p2.extras.feature_1.0.1.v20110906-1605-7A4FD4DiVOMap8cHSc6vPuny4gqO/" version="1.0.1.v20110906-1605-7A4FD4DiVOMap8cHSc6vPuny4gqO">
		</feature>
		<feature id="org.eclipse.rcp" url="features/org.eclipse.rcp_3.7.2.v20120120-1424-9DB5FmnFq5JCf1UA38R-kz0S0272/" version="3.7.2.v20120120-1424-9DB5FmnFq5JCf1UA38R-kz0S0272">
		</feature>
		<feature id="org.eclipse.cvs" url="features/org.eclipse.cvs_1.3.100.v20110520-0800-7B78FHl9VF7BD7KBM4GP9C/" version="1.3.100.v20110520-0800-7B78FHl9VF7BD7KBM4GP9C">
		</feature>
		<feature id="org.eclipse.platform.source" url="features/org.eclipse.platform.source_3.7.2.v20120207-1839-9gF7UHPDFxGjd-PqDr2jX_4yKaumkoHTz04_q-q/" version="3.7.2.v20120207-1839-9gF7UHPDFxGjd-PqDr2jX_4yKaumkoHTz04_q-q">
		</feature>
		<feature id="org.eclipse.platform" url="features/org.eclipse.platform_3.7.2.v20120207-1839-9gF7UHPDFxGjd-PqDr2jX_4yKaumkoHTz04_q-q/" version="3.7.2.v20120207-1839-9gF7UHPDFxGjd-PqDr2jX_4yKaumkoHTz04_q-q">
		</feature>
		<feature id="org.eclipse.pde" url="features/org.eclipse.pde_3.7.2.v20120120-1420-7b7rFUOFEx2Xnqafnpz0E--0/" version="3.7.2.v20120120-1420-7b7rFUOFEx2Xnqafnpz0E--0">
		</feature>
		<feature id="org.eclipse.equinox.p2.core.feature" url="features/org.eclipse.equinox.p2.core.feature_1.0.1.v20110906-1605-8290FZ9FVKHVRKtmx3fpNuo02129/" version="1.0.1.v20110906-1605-8290FZ9FVKHVRKtmx3fpNuo02129">
		</feature>
		<feature id="org.eclipse.equinox.p2.extras.feature.source" url="features/org.eclipse.equinox.p2.extras.feature.source_1.0.1.v20110906-1605-7A4FD4DiVOMap8cHSc6vPuny4gqO/" version="1.0.1.v20110906-1605-7A4FD4DiVOMap8cHSc6vPuny4gqO">
		</feature>
		<feature id="org.eclipse.sdk" url="features/org.eclipse.sdk_3.7.2.r37x_v20111213-7Q7xALDPb32vCjY6UACVPdFTz-icPtJkUadz0lMmk4z-8/" version="3.7.2.r37x_v20111213-7Q7xALDPb32vCjY6UACVPdFTz-icPtJkUadz0lMmk4z-8">
		</feature>
		<feature id="org.eclipse.help.source" url="features/org.eclipse.help.source_1.3.0.v20110530-0844-7i7uFFmFFl8nvqbDpEqTvx/" version="1.3.0.v20110530-0844-7i7uFFmFFl8nvqbDpEqTvx">
		</feature>
		<feature id="org.eclipse.equinox.p2.user.ui.source" url="features/org.eclipse.equinox.p2.user.ui.source_2.1.2.R37x_v20110815-1155-6-Bk8pYWZz0qUTX5I15GZWwbXkrl/" version="2.1.2.R37x_v20110815-1155-6-Bk8pYWZz0qUTX5I15GZWwbXkrl">
		</feature>
		<feature id="org.eclipse.pde.source" url="features/org.eclipse.pde.source_3.7.2.v20120120-1420-7b7rFUOFEx2Xnqafnpz0E--0/" version="3.7.2.v20120120-1420-7b7rFUOFEx2Xnqafnpz0E--0">
		</feature>
	</site>
</config>
