<?xml version="1.0" encoding="UTF-8"?>
<feature id="org.eclipse.platform.source" version="3.7.2.v20120207-1839-9gF7UHPDFxGjd-PqDr2jX_4yKaumkoHTz04_q-q" label="%featureName"   provider-name="%providerName" image="eclipse_update_120.jpg"    >
	<description >
		%description
	</description>
	<copyright >
		%copyright
	</copyright>
	<license url="%licenseURL">
      %license
  	</license>
	<includes id="org.eclipse.rcp.source" version="3.7.2.v20120120-1424-9DB5FmnFq5JCf1UA38R-kz0S0272"/>
	<includes id="org.eclipse.equinox.p2.user.ui.source" version="2.1.2.R37x_v20110815-1155-6-Bk8pYWZz0qUTX5I15GZWwbXkrl" optional="true"/>
	<plugin id="org.eclipse.platform.doc.isv" version="3.7.2.v20120120-1417"     unpack="false"/>
	<plugin id="org.apache.ant.source" version="1.8.2.v20120109-1030"     unpack="false"/>
	<plugin id="com.jcraft.jsch.source" version="0.1.44.v201101211721"     unpack="false"/>
	<plugin id="org.eclipse.ant.core.source" version="3.2.302.v20120110-1739"     unpack="false"/>
	<plugin id="org.eclipse.compare.core.source" version="3.5.200.I20110208-0800"     unpack="false"/>
	<plugin id="org.eclipse.compare.source" version="3.5.202.R37x_v20111109-0800"     unpack="false"/>
	<plugin id="org.eclipse.compare.win32.source" version="1.0.200.I20110510-0800" os="win32"    unpack="false"/>
	<plugin id="org.eclipse.core.filebuffers.source" version="3.5.200.v20110928-1504"     unpack="false"/>
	<plugin id="org.eclipse.core.filesystem.source" version="1.3.100.v20110423-0524"     unpack="false"/>
	<plugin id="org.eclipse.core.net.source" version="1.2.100.I20110511-0800"     unpack="false"/>
	<plugin id="org.eclipse.core.resources.source" version="3.7.101.v20120125-1505"     unpack="false"/>
	<plugin id="org.eclipse.core.runtime.compatibility.source" version="3.2.100.v20100505"     unpack="false"/>
	<plugin id="org.eclipse.core.runtime.compatibility.registry.source" version="3.5.0.v20110505"     unpack="false"/>
	<plugin id="org.eclipse.osgi.util.source" version="3.2.200.v20110110"     unpack="false"/>
	<plugin id="org.eclipse.debug.core.source" version="3.7.1.v20111129-2031"     unpack="false"/>
	<plugin id="org.eclipse.debug.ui.source" version="3.7.102.v20111129-1423_r372"     unpack="false"/>
	<plugin id="org.eclipse.equinox.event.source" version="1.2.100.v20110502"     unpack="false"/>
	<plugin id="org.eclipse.help.appserver.source" version="3.1.400.v20110425"     unpack="false"/>
	<plugin id="org.eclipse.ltk.core.refactoring.source" version="3.5.201.r372_v20111101-0700"     unpack="false"/>
	<plugin id="org.eclipse.ltk.ui.refactoring.source" version="3.6.0.v20110928-1453"     unpack="false"/>
	<plugin id="org.eclipse.platform.source" version="3.7.2.v201202080800"     unpack="false"/>
	<plugin id="org.eclipse.search.source" version="3.7.0.v20110928-1504"     unpack="false"/>
	<plugin id="org.eclipse.team.core.source" version="3.6.0.I20110525-0800"     unpack="false"/>
	<plugin id="org.eclipse.team.ui.source" version="3.6.101.R37x_v20111109-0800"     unpack="false"/>
	<plugin id="org.eclipse.text.source" version="3.5.101.v20110928-1504"     unpack="false"/>
	<plugin id="org.eclipse.jface.text.source" version="3.7.2.v20111213-1208"     unpack="false"/>
	<plugin id="org.eclipse.jsch.core.source" version="1.1.300.I20110514-0800"     unpack="false"/>
	<plugin id="org.eclipse.jsch.ui.source" version="1.1.300.R37x_v20111201-1600"     unpack="false"/>
	<plugin id="org.eclipse.ui.console.source" version="3.5.100.v20111007_r372"     unpack="false"/>
	<plugin id="org.eclipse.ui.presentations.r21.source" version="3.2.200.I20100517-1500"     unpack="false"/>
	<plugin id="org.eclipse.ui.intro.source" version="3.4.100.v20110425"     unpack="false"/>
	<plugin id="org.eclipse.ui.intro.universal.source" version="3.2.500.v20110510"     unpack="false"/>
	<plugin id="org.eclipse.ui.cheatsheets.source" version="3.4.100.v20110425"     unpack="false"/>
	<plugin id="org.eclipse.ui.browser.source" version="3.3.101.v20111019-1723"     unpack="false"/>
	<plugin id="org.eclipse.ui.navigator.source" version="3.5.101.v20120106-1355"     unpack="false"/>
	<plugin id="org.eclipse.ui.navigator.resources.source" version="3.4.300.v20110928-1505"     unpack="false"/>
	<plugin id="org.eclipse.ui.net.source" version="1.2.100.v20111208-1155"     unpack="false"/>
	<plugin id="org.eclipse.ui.workbench.texteditor.source" version="3.7.0.v20110928-1504"     unpack="false"/>
	<plugin id="org.eclipse.ui.views.source" version="3.6.0.v20110928-1505"     unpack="false"/>
	<plugin id="org.eclipse.ui.editors.source" version="3.7.0.v20110928-1504"     unpack="false"/>
	<plugin id="org.eclipse.ui.externaltools.source" version="3.2.0.v20111007_r372"     unpack="false"/>
	<plugin id="org.eclipse.ui.ide.source" version="3.7.0.v20110928-1505"     unpack="false"/>
	<plugin id="org.eclipse.ui.ide.application.source" version="1.0.300.I20110306-2000"     unpack="false"/>
	<plugin id="org.eclipse.ui.win32.source" version="3.2.200.v20110928-1505"   ws="win32"  unpack="false"/>
	<plugin id="org.eclipse.update.core.source" version="3.2.500.v20110330"     unpack="false"/>
	<plugin id="org.eclipse.update.scheduler.source" version="3.2.300.v20100512"     unpack="false"/>
	<plugin id="org.eclipse.update.ui.source" version="3.2.300.v20100512"     unpack="false"/>
	<plugin id="org.eclipse.ui.workbench.compatibility.source" version="3.2.100.I20110413-1600"     unpack="false"/>
	<plugin id="org.eclipse.core.variables.source" version="3.2.500.v20110928-1503"     unpack="false"/>
	<plugin id="org.eclipse.ui.forms.source" version="3.5.101.v20111011-1919"     unpack="false"/>
	<plugin id="org.eclipse.update.core.linux.source" version="3.2.200.v20100512" os="linux" arch="x86"   unpack="false"/>
	<plugin id="org.eclipse.update.core.win32.source" version="3.2.200.v20100512" os="win32"    unpack="false"/>
	<plugin id="org.eclipse.ui.views.properties.tabbed.source" version="3.5.200.v20110928-1505"     unpack="false"/>
	<plugin id="org.eclipse.equinox.security.source" version="1.1.1.R37x_v20110822-1018"     unpack="false"/>
	<plugin id="org.eclipse.equinox.security.ui.source" version="1.1.0.v20101004"     unpack="false"/>
	<plugin id="org.eclipse.equinox.security.win32.x86.source" version="1.0.200.v20100503" os="win32" arch="x86"   unpack="false"/>
	<plugin id="org.eclipse.equinox.security.win32.x86_64.source" version="1.0.0.v20110502" os="win32" arch="x86_64"   unpack="false"/>
	<plugin id="org.eclipse.equinox.security.macosx.source" version="1.100.100.v20100503" os="macosx" arch="x86"   unpack="false"/>
	<plugin id="org.eclipse.equinox.security.macosx.source" version="1.100.100.v20100503" os="macosx" arch="x86_64"   unpack="false"/>
	<plugin id="org.eclipse.core.externaltools.source" version="1.0.100.v20111007_r372"     unpack="false"/>
</feature>
