<?xml version="1.0" encoding="UTF-8"?>
<feature id="org.eclipse.equinox.p2.rcp.feature.source" version="1.0.1.v20110906-1605-782EqBqNKGVkiV-PUsgz-uny4gqO" label="%featureName"   provider-name="%providerName" image="eclipse_update_120.jpg"    >
	<description >
		%description
	</description>
	<copyright url="%copyrightURL">
		%copyright
	</copyright>
	<license url="%licenseURL">
      %license
  	</license>
	<plugin id="org.eclipse.equinox.p2.ui.source" version="2.1.1.v20120113-1346"     unpack="false"/>
	<plugin id="org.eclipse.equinox.p2.ui.sdk.scheduler.source" version="1.0.100.v20110815-1419"     unpack="false"/>
	<plugin id="org.eclipse.equinox.p2.updatechecker.source" version="1.1.200.v20110815-1419"     unpack="false"/>
	<plugin id="org.eclipse.equinox.security.ui.source" version="1.1.0.v20101004"     unpack="false"/>
	<plugin id="org.eclipse.equinox.p2.ui.sdk.source" version="1.0.200.v20110815-1419"     unpack="false"/>
</feature>
