<?xml version="1.0" encoding="UTF-8"?>
<feature id="org.eclipse.rcp.source" version="3.7.2.v20120120-1424-9DB5FmnFq5JCf1UA38R-kz0S0272" label="%featureName"   provider-name="%providerName" image="eclipse_update_120.jpg"    >
	<description >
		%description
	</description>
	<copyright >
		%copyright
	</copyright>
	<license url="%licenseURL">
      %license
  	</license>
	<url>
		<update url="http://download.eclipse.org/eclipse/updates/3.5" label="%updateSiteName"/>
	</url>
	<plugin id="com.ibm.icu.source" version="4.4.2.v20110823"     unpack="false"/>
	<plugin id="org.eclipse.core.commands.source" version="3.6.0.I20110111-0800"     unpack="false"/>
	<plugin id="org.eclipse.core.databinding.source" version="1.4.0.I20110111-0800"     unpack="false"/>
	<plugin id="org.eclipse.core.databinding.observable.source" version="1.4.0.I20110222-0800"     unpack="false"/>
	<plugin id="org.eclipse.core.databinding.property.source" version="1.4.0.I20110222-0800"     unpack="false"/>
	<plugin id="org.eclipse.core.databinding.beans.source" version="1.2.100.I20100824-0800"     unpack="false"/>
	<plugin id="org.eclipse.core.jobs.source" version="3.5.101.v20120113-1953"     unpack="false"/>
	<plugin id="org.eclipse.core.expressions.source" version="3.4.300.v20110228"     unpack="false"/>
	<plugin id="org.eclipse.core.runtime.source" version="3.7.0.v20110110"     unpack="false"/>
	<plugin id="org.eclipse.core.runtime.compatibility.auth.source" version="3.2.200.v20110110"     unpack="false"/>
	<plugin id="org.eclipse.osgi.source" version="3.7.2.v20120110-1415"     unpack="false"/>
	<plugin id="org.eclipse.osgi.services.source" version="3.3.0.v20110513"     unpack="false"/>
	<plugin id="org.eclipse.help.source" version="3.5.100.v20110426"     unpack="false"/>
	<plugin id="org.eclipse.jface.source" version="3.7.0.v20110928-1505"     unpack="false"/>
	<plugin id="org.eclipse.jface.databinding.source" version="1.5.0.I20100907-0800"     unpack="false"/>
	<plugin id="org.eclipse.ui.source" version="3.7.0.v20110928-1505"     unpack="false"/>
	<plugin id="org.eclipse.ui.workbench.source" version="3.7.1.v20120104-1859"     unpack="false"/>
	<plugin id="org.eclipse.ui.carbon.source" version="4.0.100.I20101109-0800" os="macosx"  ws="carbon"  unpack="false"/>
	<plugin id="org.eclipse.ui.cocoa.source" version="1.1.0.I20101109-0800" os="macosx"  ws="cocoa"  unpack="false"/>
	<plugin id="org.eclipse.update.configurator.source" version="3.3.100.v20100512"     unpack="false"/>
	<plugin id="org.eclipse.equinox.simpleconfigurator.source" version="1.0.200.v20110815-1438"     unpack="false"/>
	<plugin id="org.eclipse.swt.win32.win32.x86.source" version="3.7.2.v3740f" os="win32" arch="x86" ws="win32"  unpack="false"/>
	<plugin id="org.eclipse.swt.win32.win32.x86_64.source" version="3.7.2.v3740f" os="win32" arch="x86_64" ws="win32"  unpack="false"/>
	<plugin id="org.eclipse.swt.gtk.linux.x86.source" version="3.7.2.v3740f" os="linux" arch="x86" ws="gtk"  unpack="false"/>
	<plugin id="org.eclipse.swt.gtk.linux.s390x.source" version="3.7.2.v3740f" os="linux" arch="s390x" ws="gtk"  unpack="false"/>
	<plugin id="org.eclipse.swt.gtk.linux.s390.source" version="3.7.2.v3740f" os="linux" arch="s390" ws="gtk"  unpack="false"/>
	<plugin id="org.eclipse.swt.gtk.solaris.sparc.source" version="3.7.2.v3740f" os="solaris" arch="sparc" ws="gtk"  unpack="false"/>
	<plugin id="org.eclipse.swt.gtk.solaris.x86.source" version="3.7.2.v3740f" os="solaris" arch="x86" ws="gtk"  unpack="false"/>
	<plugin id="org.eclipse.swt.gtk.linux.ppc64.source" version="3.7.2.v3740f" os="linux" arch="ppc64" ws="gtk"  unpack="false"/>
	<plugin id="org.eclipse.swt.gtk.linux.x86_64.source" version="3.7.2.v3740f" os="linux" arch="x86_64" ws="gtk"  unpack="false"/>
	<plugin id="org.eclipse.swt.carbon.macosx.source" version="3.7.2.v3740f" os="macosx" arch="x86" ws="carbon"  unpack="false"/>
	<plugin id="org.eclipse.swt.cocoa.macosx.source" version="3.7.2.v3740f" os="macosx" arch="x86" ws="cocoa"  unpack="false"/>
	<plugin id="org.eclipse.swt.cocoa.macosx.x86_64.source" version="3.7.2.v3740f" os="macosx" arch="x86_64" ws="cocoa"  unpack="false"/>
	<plugin id="org.eclipse.swt.gtk.aix.ppc.source" version="3.7.2.v3740f" os="aix" arch="ppc" ws="gtk"  unpack="false"/>
	<plugin id="org.eclipse.swt.gtk.aix.ppc64.source" version="3.7.2.v3740f" os="aix" arch="ppc64" ws="gtk"  unpack="false"/>
	<plugin id="org.eclipse.swt.gtk.hpux.ia64_32.source" version="3.7.2.v3740f" os="hpux" arch="ia64_32" ws="gtk"  unpack="false"/>
	<plugin id="org.eclipse.rcp.source" version="3.7.2.v201202080800"     unpack="false"/>
	<plugin id="org.eclipse.core.contenttype.source" version="3.4.100.v20110423-0524"     unpack="false"/>
	<plugin id="org.eclipse.equinox.app.source" version="1.3.100.v20110321"     unpack="false"/>
	<plugin id="org.eclipse.equinox.common.source" version="3.6.0.v20110523"     unpack="false"/>
	<plugin id="org.eclipse.equinox.ds.source" version="1.3.1.R37x_v20110701"     unpack="false"/>
	<plugin id="org.eclipse.equinox.util.source" version="1.0.300.v20110502"     unpack="false"/>
	<plugin id="org.eclipse.equinox.preferences.source" version="3.4.2.v20120111-2020"     unpack="false"/>
	<plugin id="org.eclipse.equinox.registry.source" version="3.5.101.R37x_v20110810-1611"     unpack="false"/>
	<plugin id="org.eclipse.equinox.launcher.source" version="1.2.0.v20110502"     unpack="false"/>
</feature>
